id,lat,lon,data_hora_gmt,satelite,municipio,estado,pais,municipio_id,estado_id,pais_id,numero_dias_sem_chuva,precipitacao,risco_fogo,bioma,frp
963fd38e-773d-30d4-b1e6-770f5952439e,  -7.895100, -43.515500,2025-10-03 00:00:00,GOES-19,CANAVIEIRA,PIAUÍ,Brasil,2202251,22,33,,,,Cerrado,76.5
20074eb1-2ebc-3286-8a76-2c4919a1bc4f,  -4.571200, -46.502200,2025-10-03 00:00:00,GOES-19,BOM JESUS DAS SELVAS,MARANHÃO,Brasil,2102036,21,33,,,,Amazônia,92.5
3ef36b4e-f111-3471-b0aa-1517e504ef66,  -6.060500, -44.606100,2025-10-03 00:00:00,GOES-19,MIRADOR,MARANHÃO,Brasil,2106706,21,33,,,,Cerrado,120.8
e0cc34ed-5e89-36e5-805b-4a702cc0a71c, -12.613100, -46.972500,2025-10-03 00:00:00,GOES-19,ARRAIAS,TOCANTINS,Brasil,1702406,17,33,,,,Cerrado,167.2
34c7129a-dc3c-31a4-96cd-0268d29dfad0, -17.881200, -57.620600,2025-10-03 00:00:00,GOES-19,CORUMBÁ,MATO GROSSO DO SUL,Brasil,5003207,50,33,,,,Pantanal,59.3
0f735b11-83a6-38a6-8783-1e1b811e8576, -14.893700, -46.971800,2025-10-03 00:00:00,GOES-19,FLORES DE GOIÁS,GOIÁS,Brasil,5207907,52,33,,,,Cerrado,76.1
b266c187-2a7c-3a9f-aa53-836920b4a966,  -6.240600, -45.365000,2025-10-03 00:00:00,GOES-19,FERNANDO FALCÃO,MARANHÃO,Brasil,2104081,21,33,,,,Cerrado,107.9
36d511a8-2f00-39ff-82fb-0796f1107023, -17.861400, -57.623000,2025-10-03 00:00:00,GOES-19,CORUMBÁ,MATO GROSSO DO SUL,Brasil,5003207,50,33,,,,Pantanal,90.2
f6a4f2c2-f782-3e03-a9e8-1f8867b53d43,  -5.865700, -43.398100,2025-10-03 00:00:00,GOES-19,PARNARAMA,MARANHÃO,Brasil,2107803,21,33,,,,Cerrado,135.4
1b8b6709-ae1a-30e7-9172-54b53f5faa9a,  -5.617400, -43.927200,2025-10-03 00:00:00,GOES-19,FORTUNA,MARANHÃO,Brasil,2104206,21,33,,,,Cerrado,142.4
2b2d2bd7-13ef-3231-8957-3ad6f5667081, -11.163100, -43.405400,2025-10-03 00:00:00,GOES-19,BARRA,BAHIA,Brasil,2902708,29,33,,,,Caatinga,99.7
73d6de8d-5134-3eba-b234-a7c3dc90703b,  -4.789500, -44.602200,2025-10-03 00:00:00,GOES-19,PEDREIRAS,MARANHÃO,Brasil,2108207,21,33,,,,Cerrado,71.0
2a38aa62-cc7f-3e9f-8434-adf869751364,  -8.632400, -54.974700,2025-10-03 00:00:00,GOES-19,ALTAMIRA,PARÁ,Brasil,1500602,15,33,,,,Amazônia,66.6
c0dbd387-9470-37de-8f23-f22c1474b069,  -7.257800, -48.469900,2025-10-03 00:00:00,GOES-19,ARAGUAÍNA,TOCANTINS,Brasil,1702109,17,33,,,,Cerrado,95.6
0b611b74-b710-33b2-9fe0-543ffe103e52, -12.632700, -46.947100,2025-10-03 00:00:00,GOES-19,ARRAIAS,TOCANTINS,Brasil,1702406,17,33,,,,Cerrado,95.7
700856a3-9aaa-3359-af80-8b6a0d826b92, -17.861700, -57.602400,2025-10-03 00:00:00,GOES-19,CORUMBÁ,MATO GROSSO DO SUL,Brasil,5003207,50,33,,,,Pantanal,86.7
3e3c8c08-8857-3b1f-ba6a-a1e17d5eee43,  -5.846900, -43.399500,2025-10-03 00:00:00,GOES-19,PARNARAMA,MARANHÃO,Brasil,2107803,21,33,,,,Cerrado,114.2
aacad1bc-c285-3192-b2b3-f4ecb1226504,  -8.613900, -54.955800,2025-10-03 00:00:00,GOES-19,ALTAMIRA,PARÁ,Brasil,1500602,15,33,,,,Amazônia,54.2
2eaf0460-6795-3f9e-ac55-f55ad05425ff,  -4.650400, -45.807700,2025-10-03 00:00:00,GOES-19,MARAJÁ DO SENA,MARANHÃO,Brasil,2106359,21,33,,,,Amazônia,177.7
6e9e8b83-a234-3249-ba57-84938977ddd7, -14.934200, -46.896500,2025-10-03 00:00:00,GOES-19,FLORES DE GOIÁS,GOIÁS,Brasil,5207907,52,33,,,,Cerrado,114.4
137e0ab0-636c-3565-8f7d-528a90b2e77f, -13.767000, -48.055300,2025-10-03 00:00:00,GOES-19,COLINAS DO SUL,GOIÁS,Brasil,5205521,52,33,,,,Cerrado,75.6
11e726f9-e699-31b6-9a18-cfb3104a48d9,  -5.636100, -43.925800,2025-10-03 00:00:00,GOES-19,FORTUNA,MARANHÃO,Brasil,2104206,21,33,,,,Cerrado,345.9
55efaa66-676b-3e2e-81f8-2814e68a43b1,  -5.655000, -43.901300,2025-10-03 00:00:00,GOES-19,BURITI BRAVO,MARANHÃO,Brasil,2102309,21,33,,,,Cerrado,90.8
5dbd4c6d-5651-3f56-9144-912c0dbffafe, -13.766600, -48.077700,2025-10-03 00:00:00,GOES-19,COLINAS DO SUL,GOIÁS,Brasil,5205521,52,33,,,,Cerrado,107.0
7d3f745e-8363-31eb-88a1-07fc849c4d41, -14.827000, -49.289300,2025-10-03 00:00:00,GOES-19,SÃO LUIZ DO NORTE,GOIÁS,Brasil,5220157,52,33,,,,Cerrado,75.8
cca973d1-364f-324f-9196-5ed59a76cac6,  -5.846700, -43.422900,2025-10-03 00:00:00,GOES-19,PARNARAMA,MARANHÃO,Brasil,2107803,21,33,,,,Cerrado,77.1
af028700-3e29-3f30-b671-785ff7e31d34,  -6.060300, -44.629000,2025-10-03 00:00:00,GOES-19,MIRADOR,MARANHÃO,Brasil,2106706,21,33,,,,Cerrado,130.2
148018f4-62cb-3dac-a603-48846e877707,  -4.669200, -45.784200,2025-10-03 00:00:00,GOES-19,MARAJÁ DO SENA,MARANHÃO,Brasil,2106359,21,33,,,,Amazônia,371.2
0f8e9bfc-82c9-37f5-985f-e39012860ead,  -6.259600, -45.341000,2025-10-03 00:00:00,GOES-19,FERNANDO FALCÃO,MARANHÃO,Brasil,2104081,21,33,,,,Cerrado,90.7
30b00007-a7df-325f-9878-7eb720beb8b9, -14.913200, -46.968400,2025-10-03 00:00:00,GOES-19,FLORES DE GOIÁS,GOIÁS,Brasil,5207907,52,33,,,,Cerrado,87.1
c2e51087-a03c-3a61-8eb2-108ce5d767c5, -14.960300, -47.504700,2025-10-03 00:00:00,GOES-19,FORMOSA,GOIÁS,Brasil,5208004,52,33,,,,Cerrado,60.3
05c5df68-680b-32e9-9609-a6e6a9c93752, -12.632300, -46.969700,2025-10-03 00:00:00,GOES-19,ARRAIAS,TOCANTINS,Brasil,1702406,17,33,,,,Cerrado,164.1
b5f229e3-2cfd-3d83-9954-f132d2c33756, -11.125200, -43.387400,2025-10-03 00:00:00,GOES-19,BARRA,BAHIA,Brasil,2902708,29,33,,,,Caatinga,105.3
5a9e9697-d202-3806-ab45-0760546014d7,  -9.936500, -43.765700,2025-10-03 00:00:00,GOES-19,MORRO CABEÇA NO TEMPO,PIAUÍ,Brasil,2206654,22,33,,,,Caatinga,110.9
c138b2b9-cec8-3d1e-9b32-36beb6e870ff,  -9.917800, -43.744700,2025-10-03 00:00:00,GOES-19,MORRO CABEÇA NO TEMPO,PIAUÍ,Brasil,2206654,22,33,,,,Caatinga,91.8
334ba4be-ea78-35cf-9c70-1d0cf1a2eed5,  -6.041800, -44.607600,2025-10-03 00:00:00,GOES-19,MIRADOR,MARANHÃO,Brasil,2106706,21,33,,,,Cerrado,99.9
14a5e2f0-3171-3bfb-82cf-8b2d071e1700,  -6.041600, -44.630400,2025-10-03 00:00:00,GOES-19,MIRADOR,MARANHÃO,Brasil,2106706,21,33,,,,Cerrado,130.8
32687605-9730-3d45-ad1c-ba7d2db58b5b,  -5.865500, -43.421400,2025-10-03 00:00:00,GOES-19,PARNARAMA,MARANHÃO,Brasil,2107803,21,33,,,,Cerrado,89.1
fe88052b-0b7c-36aa-809f-73efc75a8b22,  -7.913700, -43.536900,2025-10-03 00:00:00,GOES-19,CANAVIEIRA,PIAUÍ,Brasil,2202251,22,33,,,,Cerrado,199.9
48982d85-64f6-3ee0-89d7-fd8bd2b1b187, -11.144000, -43.408200,2025-10-03 00:00:00,GOES-19,BARRA,BAHIA,Brasil,2902708,29,33,,,,Caatinga,293.5
4042adf7-20d9-36a6-9d81-512d34ef1c32,  -5.654800, -43.924400,2025-10-03 00:00:00,GOES-19,FORTUNA,MARANHÃO,Brasil,2104206,21,33,,,,Cerrado,78.7
38892de0-aea4-367f-8ac1-fe11a42db48f,  -4.589800, -46.501200,2025-10-03 00:00:00,GOES-19,BOM JESUS DAS SELVAS,MARANHÃO,Brasil,2102036,21,33,,,,Amazônia,89.4
706265e1-f18c-3ff2-b352-5df49ad60d8b,  -5.617600, -43.904100,2025-10-03 00:00:00,GOES-19,FORTUNA,MARANHÃO,Brasil,2104206,21,33,,,,Cerrado,133.2
20559d01-d2ee-3739-9ff7-39a43e302d17,  -9.936900, -43.742200,2025-10-03 00:00:00,GOES-19,MORRO CABEÇA NO TEMPO,PIAUÍ,Brasil,2206654,22,33,,,,Caatinga,76.1
4fffcd2a-c112-36b1-9a16-645160d5a737,  -7.894800, -43.538900,2025-10-03 00:00:00,GOES-19,CANAVIEIRA,PIAUÍ,Brasil,2202251,22,33,,,,Cerrado,131.6
c20a7e57-abe5-3dbf-b346-7e4d86e0f1f4,   1.510300, -55.825900,2025-10-03 00:00:00,GOES-19,ORIXIMINÁ,PARÁ,Brasil,1505304,15,33,,,,Amazônia,54.1
fd7d7d57-bb50-3182-814e-69dde719a15a,  -9.918200, -43.721200,2025-10-03 00:00:00,GOES-19,MORRO CABEÇA NO TEMPO,PIAUÍ,Brasil,2206654,22,33,,,,Caatinga,71.2
8c85ea04-b6e3-3a68-9805-a6d4c061c9ad, -14.959900, -47.527400,2025-10-03 00:00:00,GOES-19,FORMOSA,GOIÁS,Brasil,5208004,52,33,,,,Cerrado,58.5
0b60204c-de16-3d70-a887-47b1a6bde5fd,  -6.240800, -45.342400,2025-10-03 00:00:00,GOES-19,FERNANDO FALCÃO,MARANHÃO,Brasil,2104081,21,33,,,,Cerrado,102.1
2a037ec3-cdbd-36a6-9ba2-ca4c9d2648dd, -12.613500, -46.949900,2025-10-03 00:00:00,GOES-19,ARRAIAS,TOCANTINS,Brasil,1702406,17,33,,,,Cerrado,87.5
a2689f21-d25e-32e5-bf0d-ef13e047f815,  -4.650500, -45.785300,2025-10-03 00:00:00,GOES-19,MARAJÁ DO SENA,MARANHÃO,Brasil,2106359,21,33,,,,Amazônia,250.3
f0c7cfdb-6377-3614-8b6f-a9e8fe2d0d5c, -10.860800, -46.671500,2025-10-03 00:00:00,GOES-19,MATEIROS,TOCANTINS,Brasil,1712702,17,33,,,,Cerrado,83.9
63e1118a-c173-3934-ac3b-bdd50a92540e,  -7.914000, -43.513500,2025-10-03 00:00:00,GOES-19,PAVUSSU,PIAUÍ,Brasil,2207850,22,33,,,,Cerrado,99.6
599ff3b1-e28f-360d-9544-c4b8b546dd6e,  -8.613800, -54.976000,2025-10-03 00:00:00,GOES-19,ALTAMIRA,PARÁ,Brasil,1500602,15,33,,,,Amazônia,80.3
f13715f1-0e87-3542-b052-56d201fedbfe,  -5.636300, -43.902700,2025-10-03 00:00:00,GOES-19,FORTUNA,MARANHÃO,Brasil,2104206,21,33,,,,Cerrado,340.2
099b3899-c232-30cf-b294-e8b54d51cfce, -11.144400, -43.384500,2025-10-03 00:00:00,GOES-19,BARRA,BAHIA,Brasil,2902708,29,33,,,,Caatinga,230.2
338f7acc-cb7a-3bce-9f67-6740da68fc87,  -9.917500, -43.768200,2025-10-03 00:00:00,GOES-19,MORRO CABEÇA NO TEMPO,PIAUÍ,Brasil,2206654,22,33,,,,Caatinga,186.5
eeba0bbb-6947-35d6-9cb5-d1fd690e8b3c,  -6.259400, -45.363600,2025-10-03 00:00:00,GOES-19,FERNANDO FALCÃO,MARANHÃO,Brasil,2104081,21,33,,,,Cerrado,102.0
4ab39fee-708d-35f2-ad39-fe0d1996c314, -11.124800, -43.411100,2025-10-03 00:00:00,GOES-19,BARRA,BAHIA,Brasil,2902708,29,33,,,,Caatinga,86.8
a52bf0a5-cc9c-3e23-8ee8-f892d8a7bf80,  -4.669000, -45.806600,2025-10-03 00:00:00,GOES-19,MARAJÁ DO SENA,MARANHÃO,Brasil,2106359,21,33,,,,Amazônia,349.8
c894100e-2cc0-3419-a576-c10cf3c7c16f, -18.683700, -47.823000,2025-10-03 00:00:00,GOES-19,ESTRELA DO SUL,MINAS GERAIS,Brasil,3124807,31,33,,,,Cerrado,97.6
47c81f68-d2bb-3920-88a3-960905325ba4, -10.861100, -46.649000,2025-10-03 00:00:00,GOES-19,MATEIROS,TOCANTINS,Brasil,1712702,17,33,,,,Cerrado,61.1
19eae38e-c147-308b-9b74-b16602e463bf,  -7.257600, -48.491500,2025-10-03 00:00:00,GOES-19,ARAGOMINAS,TOCANTINS,Brasil,1701309,17,33,,,,Cerrado,67.5
534a634b-1e6c-358f-9f91-0835e8c16353, -13.776900, -47.539200,2025-10-03 00:00:00,GOES-19,CAVALCANTE,GOIÁS,Brasil,5205307,52,33,,,,Cerrado,102.9
a0cdd5ce-46ba-3c41-8867-d1a5ca73acf5,  -6.041600, -44.630400,2025-10-03 00:10:00,GOES-19,MIRADOR,MARANHÃO,Brasil,2106706,21,33,,,,Cerrado,126.1
84aadf35-08fb-32ec-a975-7bd6399a0f3b,  -4.650500, -45.785300,2025-10-03 00:10:00,GOES-19,MARAJÁ DO SENA,MARANHÃO,Brasil,2106359,21,33,,,,Amazônia,322.6
4cb0e703-cf93-3bc9-bc87-6c79278a013a,  -5.846900, -43.399500,2025-10-03 00:10:00,GOES-19,PARNARAMA,MARANHÃO,Brasil,2107803,21,33,,,,Cerrado,89.9
43ffc39b-6d2d-30f5-be38-eecdafce4bd7,  -7.895100, -43.515500,2025-10-03 00:10:00,GOES-19,CANAVIEIRA,PIAUÍ,Brasil,2202251,22,33,,,,Cerrado,93.1
6a06373a-5e3d-38f2-a0c8-243326cdd23c,  -5.366500, -47.206300,2025-10-03 00:10:00,GOES-19,SENADOR LA ROCQUE,MARANHÃO,Brasil,2111763,21,33,,,,Amazônia,72.0
6f2b1b25-848b-3577-b92d-772d7e28d164,  -7.257600, -48.491500,2025-10-03 00:10:00,GOES-19,ARAGOMINAS,TOCANTINS,Brasil,1701309,17,33,,,,Cerrado,71.6
bd0e67c3-00a2-36b3-b7db-a20f3275df88, -14.953800, -46.893100,2025-10-03 00:10:00,GOES-19,FLORES DE GOIÁS,GOIÁS,Brasil,5207907,52,33,,,,Cerrado,88.0
9162e378-0e9f-37c0-a5e1-b8a47d0fa0f8,  -6.060500, -44.606100,2025-10-03 00:10:00,GOES-19,MIRADOR,MARANHÃO,Brasil,2106706,21,33,,,,Cerrado,111.7
829a0a9c-9630-35b4-bf36-e3806b9f6ccd,  -5.385100, -47.205200,2025-10-03 00:10:00,GOES-19,SENADOR LA ROCQUE,MARANHÃO,Brasil,2111763,21,33,,,,Amazônia,106.6
44402c01-a884-3011-bcd9-ae5831944bd4,  -7.914000, -43.513500,2025-10-03 00:10:00,GOES-19,PAVUSSU,PIAUÍ,Brasil,2207850,22,33,,,,Cerrado,71.2
1f347016-90ad-3369-8304-d4b6ad8fd231, -13.134500, -47.882000,2025-10-03 00:10:00,GOES-19,PARANÃ,TOCANTINS,Brasil,1716208,17,33,,,,Cerrado,62.9
071b7251-17e6-3375-8624-b7ac23a1cca4, -11.144400, -43.384500,2025-10-03 00:10:00,GOES-19,BARRA,BAHIA,Brasil,2902708,29,33,,,,Caatinga,119.3
9242a555-198b-33a7-a7eb-309e40be54b3, -14.934200, -46.896500,2025-10-03 00:10:00,GOES-19,FLORES DE GOIÁS,GOIÁS,Brasil,5207907,52,33,,,,Cerrado,125.2
b6ebc4af-068f-374a-bbd9-9d7503a2927e, -14.940800, -47.508000,2025-10-03 00:10:00,GOES-19,FORMOSA,GOIÁS,Brasil,5208004,52,33,,,,Cerrado,53.7
a65901fc-9633-3012-b9c1-012468da3b80,  -8.632400, -54.974700,2025-10-03 00:10:00,GOES-19,ALTAMIRA,PARÁ,Brasil,1500602,15,33,,,,Amazônia,56.0
cab9db1e-4969-3e55-a518-efa1f3a0ba2b,  -9.936900, -43.742200,2025-10-03 00:10:00,GOES-19,MORRO CABEÇA NO TEMPO,PIAUÍ,Brasil,2206654,22,33,,,,Caatinga,71.3
b75c9f7c-5824-3e90-aefe-7ec24f8ebedf,  -7.257800, -48.469900,2025-10-03 00:10:00,GOES-19,ARAGUAÍNA,TOCANTINS,Brasil,1702109,17,33,,,,Cerrado,85.0
9f9db375-a778-351c-8206-61fefcc9c004,  -5.636100, -43.925800,2025-10-03 00:10:00,GOES-19,FORTUNA,MARANHÃO,Brasil,2104206,21,33,,,,Cerrado,309.8
73c583bf-e6a1-3dbd-817d-f09356c72e12, -18.683700, -47.823000,2025-10-03 00:10:00,GOES-19,ESTRELA DO SUL,MINAS GERAIS,Brasil,3124807,31,33,,,,Cerrado,71.5
bbaf210f-8e5d-3971-917c-efed95c93771,  -5.865500, -43.421400,2025-10-03 00:10:00,GOES-19,PARNARAMA,MARANHÃO,Brasil,2107803,21,33,,,,Cerrado,89.3
f4b8b0bd-4da6-39dc-8c65-e8371d8a6d33,  -7.894800, -43.538900,2025-10-03 00:10:00,GOES-19,CANAVIEIRA,PIAUÍ,Brasil,2202251,22,33,,,,Cerrado,170.9
96b50910-a3fb-3932-8e96-304baa7e11a7,  -8.613800, -54.976000,2025-10-03 00:10:00,GOES-19,ALTAMIRA,PARÁ,Brasil,1500602,15,33,,,,Amazônia,84.9
7bfdc7fc-11e6-3836-94eb-0024c867e817,  -5.617400, -43.927200,2025-10-03 00:10:00,GOES-19,FORTUNA,MARANHÃO,Brasil,2104206,21,33,,,,Cerrado,109.7
96c9ab7f-1faa-383b-8f4f-5ec83593d872, -17.861700, -57.602400,2025-10-03 00:10:00,GOES-19,CORUMBÁ,MATO GROSSO DO SUL,Brasil,5003207,50,33,,,,Pantanal,84.1
c2e384f3-ce58-340e-baab-58cd51c90a32,  -6.240800, -45.342400,2025-10-03 00:10:00,GOES-19,FERNANDO FALCÃO,MARANHÃO,Brasil,2104081,21,33,,,,Cerrado,271.6
28a480fc-1e65-3de8-b7c3-aeb50e7c5f5c, -14.913200, -46.968400,2025-10-03 00:10:00,GOES-19,FLORES DE GOIÁS,GOIÁS,Brasil,5207907,52,33,,,,Cerrado,79.3
7d9d83c9-3515-3b6a-a2ec-841b7fa978b7,  -7.913700, -43.536900,2025-10-03 00:10:00,GOES-19,CANAVIEIRA,PIAUÍ,Brasil,2202251,22,33,,,,Cerrado,139.8
2a48e820-7e2e-3b37-b092-130e4b5cbf17, -14.940300, -47.530700,2025-10-03 00:10:00,GOES-19,FORMOSA,GOIÁS,Brasil,5208004,52,33,,,,Cerrado,63.9
d89101b6-f397-3986-a41a-ee743442ef72,  -9.917800, -43.744700,2025-10-03 00:10:00,GOES-19,MORRO CABEÇA NO TEMPO,PIAUÍ,Brasil,2206654,22,33,,,,Caatinga,72.2
7045594d-d554-3d60-b481-0739afa12b22,  -4.669000, -45.806600,2025-10-03 00:10:00,GOES-19,MARAJÁ DO SENA,MARANHÃO,Brasil,2106359,21,33,,,,Amazônia,348.7
eeb70308-fa82-307d-acca-0e9af45d0ec3,  -9.936500, -43.765700,2025-10-03 00:10:00,GOES-19,MORRO CABEÇA NO TEMPO,PIAUÍ,Brasil,2206654,22,33,,,,Caatinga,84.2
510e2c93-1584-3b7c-833e-eeef09607998,  -6.240600, -45.365000,2025-10-03 00:10:00,GOES-19,FERNANDO FALCÃO,MARANHÃO,Brasil,2104081,21,33,,,,Cerrado,279.5
7e21e500-bc61-3060-b34b-d151918961e5, -11.144000, -43.408200,2025-10-03 00:10:00,GOES-19,BARRA,BAHIA,Brasil,2902708,29,33,,,,Caatinga,150.1
fe29328d-3fd7-34e4-8e05-73954316770a,  -9.918200, -43.721200,2025-10-03 00:10:00,GOES-19,MORRO CABEÇA NO TEMPO,PIAUÍ,Brasil,2206654,22,33,,,,Caatinga,78.1
50b9d9b8-8d4b-3acb-b60d-f7b16849ba54, -13.766600, -48.077700,2025-10-03 00:10:00,GOES-19,COLINAS DO SUL,GOIÁS,Brasil,5205521,52,33,,,,Cerrado,74.8
28124597-1412-3ecf-8a08-f3584c488a1a, -12.613100, -46.972500,2025-10-03 00:10:00,GOES-19,ARRAIAS,TOCANTINS,Brasil,1702406,17,33,,,,Cerrado,136.0
214af038-fe92-3d3f-a1cc-52c9e7399ab9,  -6.259600, -45.341000,2025-10-03 00:10:00,GOES-19,FERNANDO FALCÃO,MARANHÃO,Brasil,2104081,21,33,,,,Cerrado,94.6
07ea2858-b576-33c0-b24e-ae55a1b1ea57,  -9.917500, -43.768200,2025-10-03 00:10:00,GOES-19,MORRO CABEÇA NO TEMPO,PIAUÍ,Brasil,2206654,22,33,,,,Caatinga,97.4
d6215b9d-d526-3e48-ac25-85f8cc6fbae1,  -6.041800, -44.607600,2025-10-03 00:10:00,GOES-19,MIRADOR,MARANHÃO,Brasil,2106706,21,33,,,,Cerrado,102.2
5fa21783-5060-38c1-ab2b-1208b86c27af,  -8.613900, -54.955800,2025-10-03 00:10:00,GOES-19,ALTAMIRA,PARÁ,Brasil,1500602,15,33,,,,Amazônia,53.9
6b32043e-339a-3053-a073-b06c1b8de4cc,   1.510300, -55.825900,2025-10-03 00:10:00,GOES-19,ORIXIMINÁ,PARÁ,Brasil,1505304,15,33,,,,Amazônia,66.3
6cfaee5f-9fea-348d-b2fa-4bd632b7ff2a, -12.632700, -46.947100,2025-10-03 00:10:00,GOES-19,ARRAIAS,TOCANTINS,Brasil,1702406,17,33,,,,Cerrado,78.6
fab3fe94-96f4-3f6c-9979-26040fd7c849, -15.183900, -43.625000,2025-10-03 00:10:00,GOES-19,JAÍBA,MINAS GERAIS,Brasil,3135050,31,33,,,,Caatinga,78.3
a133d3e1-fd1c-33f0-be1c-2d0928c7f0a1,  -6.520100, -49.575300,2025-10-03 00:10:00,GOES-19,CURIONÓPOLIS,PARÁ,Brasil,1502772,15,33,,,,Amazônia,108.8
9f9ff042-0cef-37b5-bf92-50cef4408f29, -14.905000, -48.300300,2025-10-03 00:10:00,GOES-19,MIMOSO DE GOIÁS,GOIÁS,Brasil,5213053,52,33,,,,Cerrado,88.5
440ccc58-ebe9-3814-a866-465e32cf18f4,  -6.259400, -45.363600,2025-10-03 00:10:00,GOES-19,FERNANDO FALCÃO,MARANHÃO,Brasil,2104081,21,33,,,,Cerrado,99.6
98604bb2-baac-3289-b643-8d9461be93ed,  -4.650400, -45.807700,2025-10-03 00:10:00,GOES-19,MARAJÁ DO SENA,MARANHÃO,Brasil,2106359,21,33,,,,Amazônia,203.2
7e5c6fd8-8b38-339b-b7cc-7143717e02b6, -12.613500, -46.949900,2025-10-03 00:10:00,GOES-19,ARRAIAS,TOCANTINS,Brasil,1702406,17,33,,,,Cerrado,69.5
07cd030e-5fe4-3c64-9f1f-8a5297682b7b,  -4.669200, -45.784200,2025-10-03 00:10:00,GOES-19,MARAJÁ DO SENA,MARANHÃO,Brasil,2106359,21,33,,,,Amazônia,423.7
7b940ada-c59b-3190-9ac9-043e6712ac7c,  -3.933100, -47.565500,2025-10-03 00:10:00,GOES-19,ULIANÓPOLIS,PARÁ,Brasil,1508126,15,33,,,,Amazônia,80.9
1bfa13b3-4cc2-330d-b77e-e517349d43c4, -13.776900, -47.539200,2025-10-03 00:10:00,GOES-19,CAVALCANTE,GOIÁS,Brasil,5205307,52,33,,,,Cerrado,96.7
c12ab68b-8edb-3581-a7c0-86ad0e65a73f,  -5.865700, -43.398100,2025-10-03 00:10:00,GOES-19,PARNARAMA,MARANHÃO,Brasil,2107803,21,33,,,,Cerrado,117.0
2da05ecc-7a6d-3d2e-a9a2-3d721443034d,  -5.384900, -47.227100,2025-10-03 00:10:00,GOES-19,SENADOR LA ROCQUE,MARANHÃO,Brasil,2111763,21,33,,,,Amazônia,95.7
efd105db-6c91-3ca0-aec2-ac6de52c7aeb,  -5.636300, -43.902700,2025-10-03 00:10:00,GOES-19,FORTUNA,MARANHÃO,Brasil,2104206,21,33,,,,Cerrado,306.1
c9f63cf9-5968-3b4b-9900-576b715fa9f5,  -5.617600, -43.904100,2025-10-03 00:10:00,GOES-19,FORTUNA,MARANHÃO,Brasil,2104206,21,33,,,,Cerrado,102.1
54bd982c-c9b2-36fd-8156-52afddee5cf7, -10.860800, -46.671500,2025-10-03 00:10:00,GOES-19,MATEIROS,TOCANTINS,Brasil,1712702,17,33,,,,Cerrado,45.2
5257d61d-0cf8-378b-9e3d-48a18544813a, -12.632300, -46.969700,2025-10-03 00:10:00,GOES-19,ARRAIAS,TOCANTINS,Brasil,1702406,17,33,,,,Cerrado,140.0
00c28684-f2f1-3637-8b6f-ecbf1b72a4ed,  -6.222100, -45.343900,2025-10-03 00:10:00,GOES-19,FERNANDO FALCÃO,MARANHÃO,Brasil,2104081,21,33,,,,Cerrado,76.9
fc108168-8b1c-3a3f-8649-b21dcbdbac65, -17.861400, -57.623000,2025-10-03 00:10:00,GOES-19,CORUMBÁ,MATO GROSSO DO SUL,Brasil,5003207,50,33,,,,Pantanal,96.3
2234d3f7-37e4-30b0-9273-80c40a7d7f44,  -7.712500, -46.208200,2025-10-03 00:10:00,GOES-19,BALSAS,MARANHÃO,Brasil,2101400,21,33,,,,Cerrado,75.6
35925624-21f8-3a84-b0b6-9f159befe4b7,  -6.060300, -44.629000,2025-10-03 00:10:00,GOES-19,MIRADOR,MARANHÃO,Brasil,2106706,21,33,,,,Cerrado,113.5
a83a7102-d0f9-3b93-82be-7e7455f7f741,  -4.571200, -46.502200,2025-10-03 00:10:00,GOES-19,BOM JESUS DAS SELVAS,MARANHÃO,Brasil,2102036,21,33,,,,Amazônia,93.2
23d55efb-b34e-337e-a474-c64104bd0ea3,  -4.650500, -45.785300,2025-10-03 00:20:00,GOES-19,MARAJÁ DO SENA,MARANHÃO,Brasil,2106359,21,33,,,,Amazônia,292.3
454cf339-27dc-3072-a3af-3d055203fe0b,  -3.933100, -47.565500,2025-10-03 00:20:00,GOES-19,ULIANÓPOLIS,PARÁ,Brasil,1508126,15,33,,,,Amazônia,98.4
56e78551-1e77-3530-9880-b0330111de02,  -6.060300, -44.629000,2025-10-03 00:20:00,GOES-19,MIRADOR,MARANHÃO,Brasil,2106706,21,33,,,,Cerrado,114.9
2074cdab-597c-3c04-ba35-58724881adb7,  -4.687800, -45.783200,2025-10-03 00:20:00,GOES-19,MARAJÁ DO SENA,MARANHÃO,Brasil,2106359,21,33,,,,Amazônia,74.9
54877436-7e34-30a7-bc4e-e4e9062cefc3,  -7.774600, -42.586500,2025-10-03 00:20:00,GOES-19,SOCORRO DO PIAUÍ,PIAUÍ,Brasil,2210904,22,33,,,,Caatinga,220.1
a6c0a500-eb54-3b9d-90e8-81eb8720a242, -13.134500, -47.882000,2025-10-03 00:20:00,GOES-19,PARANÃ,TOCANTINS,Brasil,1716208,17,33,,,,Cerrado,96.2
824e0f2d-085d-34eb-ad22-ff7a5d52eefd,  -5.617600, -43.904100,2025-10-03 00:20:00,GOES-19,FORTUNA,MARANHÃO,Brasil,2104206,21,33,,,,Cerrado,70.5
720cebc3-42ac-3593-b5b5-00aa91c2c896,  -5.366300, -47.228300,2025-10-03 00:20:00,GOES-19,SENADOR LA ROCQUE,MARANHÃO,Brasil,2111763,21,33,,,,Amazônia,76.6
ddf279e1-06d0-3a9a-aa26-2cb2872f339a, -14.032300, -53.889500,2025-10-03 00:20:00,GOES-19,PARANATINGA,MATO GROSSO,Brasil,5106307,51,33,,,,Cerrado,36.6
6eb217d0-03e3-387e-a784-e0e9de3929a2, -11.144400, -43.384500,2025-10-03 00:20:00,GOES-19,BARRA,BAHIA,Brasil,2902708,29,33,,,,Caatinga,126.7
1d7dd57f-52ee-397d-986d-ba09236aef09,  -7.774300, -42.610300,2025-10-03 00:20:00,GOES-19,RIBEIRA DO PIAUÍ,PIAUÍ,Brasil,2208874,22,33,,,,Caatinga,88.6
817421a2-3995-3625-8050-4c71fa565923,  -9.918200, -43.721200,2025-10-03 00:20:00,GOES-19,MORRO CABEÇA NO TEMPO,PIAUÍ,Brasil,2206654,22,33,,,,Caatinga,73.6
48dbc9d7-ce4b-3144-bf92-34075e1681f2, -14.940300, -47.530700,2025-10-03 00:20:00,GOES-19,FORMOSA,GOIÁS,Brasil,5208004,52,33,,,,Cerrado,52.0
9e88efdc-4d75-339e-a3e1-206191f727f2, -18.683700, -47.823000,2025-10-03 00:20:00,GOES-19,ESTRELA DO SUL,MINAS GERAIS,Brasil,3124807,31,33,,,,Cerrado,63.9
a19cee9e-c885-3263-86e5-c28c3d88ed35,  -5.384900, -47.227100,2025-10-03 00:20:00,GOES-19,SENADOR LA ROCQUE,MARANHÃO,Brasil,2111763,21,33,,,,Amazônia,85.8
bc098804-5320-3cb4-9274-22118a57f18d, -14.913200, -46.968400,2025-10-03 00:20:00,GOES-19,FLORES DE GOIÁS,GOIÁS,Brasil,5207907,52,33,,,,Cerrado,90.4
7315e0a6-9276-3809-b536-304fc218a032, -10.175900, -45.490600,2025-10-03 00:20:00,GOES-19,SÃO GONÇALO DO GURGUÉIA,PIAUÍ,Brasil,2209757,22,33,,,,Cerrado,88.4
09d2c9dc-fb16-3b88-9694-50cd3d84f883, -12.632300, -46.969700,2025-10-03 00:20:00,GOES-19,ARRAIAS,TOCANTINS,Brasil,1702406,17,33,,,,Cerrado,177.2
ed85ce1f-5182-3553-b850-77df4471dcea,  -6.060500, -44.606100,2025-10-03 00:20:00,GOES-19,MIRADOR,MARANHÃO,Brasil,2106706,21,33,,,,Cerrado,106.1
4c2a5104-6e07-3973-9d6f-4ccd89721583, -13.134900, -47.859700,2025-10-03 00:20:00,GOES-19,PARANÃ,TOCANTINS,Brasil,1716208,17,33,,,,Cerrado,63.2
6b21b483-b6f9-3f73-b021-1947142db10b, -14.934200, -46.896500,2025-10-03 00:20:00,GOES-19,FLORES DE GOIÁS,GOIÁS,Brasil,5207907,52,33,,,,Cerrado,83.9
70db7cc7-e0b3-34e4-88ef-84f0ee3e6f21, -14.905000, -48.300300,2025-10-03 00:20:00,GOES-19,MIMOSO DE GOIÁS,GOIÁS,Brasil,5213053,52,33,,,,Cerrado,77.3
b0a033b3-8c34-34df-a2f9-a1d344e49dff, -12.632700, -46.947100,2025-10-03 00:20:00,GOES-19,ARRAIAS,TOCANTINS,Brasil,1702406,17,33,,,,Cerrado,90.5
cb96247f-2bf9-3403-9145-04500e0b9399,  -4.571200, -46.502200,2025-10-03 00:20:00,GOES-19,BOM JESUS DAS SELVAS,MARANHÃO,Brasil,2102036,21,33,,,,Amazônia,79.2
6a574482-433f-398b-992f-940cd63341c5, -14.953800, -46.893100,2025-10-03 00:20:00,GOES-19,FLORES DE GOIÁS,GOIÁS,Brasil,5207907,52,33,,,,Cerrado,69.1
f2c9a14b-ccfd-3dcd-962f-c029ca013e47, -14.940800, -47.508000,2025-10-03 00:20:00,GOES-19,FORMOSA,GOIÁS,Brasil,5208004,52,33,,,,Cerrado,53.6
9839af16-934b-3701-b0b8-902c813cbaa8,  -6.041800, -44.607600,2025-10-03 00:20:00,GOES-19,MIRADOR,MARANHÃO,Brasil,2106706,21,33,,,,Cerrado,91.9
b2f9c91e-0b88-3087-b27e-02759d95c1ab, -10.276200, -36.332700,2025-10-03 00:20:00,GOES-19,FELIZ DESERTO,ALAGOAS,Brasil,2702702,27,33,,,,Mata Atlântica,71.0
530ef75d-bf9d-38c8-8a7f-250939615431,  -7.257800, -48.469900,2025-10-03 00:20:00,GOES-19,ARAGUAÍNA,TOCANTINS,Brasil,1702109,17,33,,,,Cerrado,93.3
502d6a46-acb4-39a8-a33e-f81ef6f0fbb7,  -6.240800, -45.342400,2025-10-03 00:20:00,GOES-19,FERNANDO FALCÃO,MARANHÃO,Brasil,2104081,21,33,,,,Cerrado,161.9
816570f6-087e-3174-8259-91d51d67133d,  -5.617400, -43.927200,2025-10-03 00:20:00,GOES-19,FORTUNA,MARANHÃO,Brasil,2104206,21,33,,,,Cerrado,67.5
2499312f-d494-3f62-878f-d401d3e0d3c6, -11.144000, -43.408200,2025-10-03 00:20:00,GOES-19,BARRA,BAHIA,Brasil,2902708,29,33,,,,Caatinga,240.4
97189b6b-4e12-361f-b9bd-1a41ab309d1f, -13.766600, -48.077700,2025-10-03 00:20:00,GOES-19,COLINAS DO SUL,GOIÁS,Brasil,5205521,52,33,,,,Cerrado,71.8
412fc846-a315-3638-bbe3-c165f50f8518,  -9.936500, -43.765700,2025-10-03 00:20:00,GOES-19,MORRO CABEÇA NO TEMPO,PIAUÍ,Brasil,2206654,22,33,,,,Caatinga,105.8
c536e98b-c439-3766-88a0-8d990c9b9474, -14.893700, -46.971800,2025-10-03 00:20:00,GOES-19,FLORES DE GOIÁS,GOIÁS,Brasil,5207907,52,33,,,,Cerrado,74.0
4b8e233e-51b9-3a97-8f6f-6dc4c529e7c7, -10.256900, -36.336200,2025-10-03 00:20:00,GOES-19,FELIZ DESERTO,ALAGOAS,Brasil,2702702,27,33,,,,Mata Atlântica,137.0
b5aa1e31-8169-3ba6-8d28-6da638740854,  -7.913700, -43.536900,2025-10-03 00:20:00,GOES-19,CANAVIEIRA,PIAUÍ,Brasil,2202251,22,33,,,,Cerrado,117.2
46243f08-2673-385b-8122-c712dbaf2b5a,  -8.613900, -54.955800,2025-10-03 00:20:00,GOES-19,ALTAMIRA,PARÁ,Brasil,1500602,15,33,,,,Amazônia,51.0
d53ad1e7-fbc4-3c70-a84f-b85330f37eb6,  -4.669200, -45.784200,2025-10-03 00:20:00,GOES-19,MARAJÁ DO SENA,MARANHÃO,Brasil,2106359,21,33,,,,Amazônia,410.7
af256807-010b-3db9-b5d5-8f870fc253c3,  -4.650400, -45.807700,2025-10-03 00:20:00,GOES-19,MARAJÁ DO SENA,MARANHÃO,Brasil,2106359,21,33,,,,Amazônia,234.1
12ca3d38-47f0-3fce-b58b-892fdda2c031, -18.411800, -50.782400,2025-10-03 00:20:00,GOES-19,CACHOEIRA ALTA,GOIÁS,Brasil,5204102,52,33,,,,Cerrado,54.4
78e345d5-dcdd-3f12-82e9-40edc72e8595,  -7.755700, -42.588500,2025-10-03 00:20:00,GOES-19,SOCORRO DO PIAUÍ,PIAUÍ,Brasil,2210904,22,33,,,,Caatinga,133.9
e5d89f99-1331-3c65-9c65-1bfbdf3f3c65, -13.776900, -47.539200,2025-10-03 00:20:00,GOES-19,CAVALCANTE,GOIÁS,Brasil,5205307,52,33,,,,Cerrado,75.4
55209838-b591-3926-b756-a72d12a879f4,  -6.041600, -44.630400,2025-10-03 00:20:00,GOES-19,MIRADOR,MARANHÃO,Brasil,2106706,21,33,,,,Cerrado,131.9
8fb8e11a-166c-3ddc-9f12-d37fd54169fc, -10.256400, -36.363300,2025-10-03 00:20:00,GOES-19,FELIZ DESERTO,ALAGOAS,Brasil,2702702,27,33,,,,Mata Atlântica,105.9
a45a23b6-3151-3f4e-a0b3-ebd31da257b8,  -7.793800, -42.560700,2025-10-03 00:20:00,GOES-19,SOCORRO DO PIAUÍ,PIAUÍ,Brasil,2210904,22,33,,,,Caatinga,97.6
d3a51d6d-3356-3f14-9ac3-9c8578b241d8,  -5.846900, -43.399500,2025-10-03 00:20:00,GOES-19,PARNARAMA,MARANHÃO,Brasil,2107803,21,33,,,,Cerrado,83.5
698edf2b-c442-3b98-8e95-cc42c5da3d57,  -5.366500, -47.206300,2025-10-03 00:20:00,GOES-19,SENADOR LA ROCQUE,MARANHÃO,Brasil,2111763,21,33,,,,Amazônia,92.9
eea80d57-8004-3120-aac7-48e40ab1c781,  -4.669000, -45.806600,2025-10-03 00:20:00,GOES-19,MARAJÁ DO SENA,MARANHÃO,Brasil,2106359,21,33,,,,Amazônia,441.6
fe609164-61ea-36e3-9ce4-d85e3540f175,  -9.936900, -43.742200,2025-10-03 00:20:00,GOES-19,MORRO CABEÇA NO TEMPO,PIAUÍ,Brasil,2206654,22,33,,,,Caatinga,68.7
6b175413-f642-3497-a4a4-68c27e1164cb,  -7.895100, -43.515500,2025-10-03 00:20:00,GOES-19,CANAVIEIRA,PIAUÍ,Brasil,2202251,22,33,,,,Cerrado,74.9
e1158690-83c3-3067-9c76-fb6c46771d53,  -7.774900, -42.562800,2025-10-03 00:20:00,GOES-19,SOCORRO DO PIAUÍ,PIAUÍ,Brasil,2210904,22,33,,,,Caatinga,128.7
d1fa0d4d-0001-3f08-9b46-81dff1bc3c64,  -6.240600, -45.365000,2025-10-03 00:20:00,GOES-19,FERNANDO FALCÃO,MARANHÃO,Brasil,2104081,21,33,,,,Cerrado,178.5
d7d10d08-6b8b-390d-ad40-cc2189ff3cd9,  -5.636300, -43.902700,2025-10-03 00:20:00,GOES-19,FORTUNA,MARANHÃO,Brasil,2104206,21,33,,,,Cerrado,292.7
2f86e860-6f68-3e1d-9422-be2a7162050a,  -4.687700, -45.805600,2025-10-03 00:20:00,GOES-19,MARAJÁ DO SENA,MARANHÃO,Brasil,2106359,21,33,,,,Amazônia,78.8
8e9e9acd-83d8-3ff8-a54c-5fcb7e9164b9,   1.510300, -55.825900,2025-10-03 00:20:00,GOES-19,ORIXIMINÁ,PARÁ,Brasil,1505304,15,33,,,,Amazônia,111.4
4939cba0-4dc3-3507-af27-bc4351a0fc8c,  -7.914000, -43.513500,2025-10-03 00:20:00,GOES-19,PAVUSSU,PIAUÍ,Brasil,2207850,22,33,,,,Cerrado,70.8
97b6a882-6bc6-34ff-af5e-192bd07ebc03,  -7.894800, -43.538900,2025-10-03 00:20:00,GOES-19,CANAVIEIRA,PIAUÍ,Brasil,2202251,22,33,,,,Cerrado,117.9
a17d734a-655c-3b50-a043-24dad7c42428,  -7.756000, -42.564800,2025-10-03 00:20:00,GOES-19,SOCORRO DO PIAUÍ,PIAUÍ,Brasil,2210904,22,33,,,,Caatinga,90.3
b3538115-4449-39cd-a457-1403150a0629,  -8.632400, -54.974700,2025-10-03 00:20:00,GOES-19,ALTAMIRA,PARÁ,Brasil,1500602,15,33,,,,Amazônia,53.8
9eea38b4-5c4d-3570-9547-12a1b748bb43,  -5.865700, -43.398100,2025-10-03 00:20:00,GOES-19,PARNARAMA,MARANHÃO,Brasil,2107803,21,33,,,,Cerrado,125.5
163dde62-181c-370f-854e-1c93e3296e9c,  -8.613800, -54.976000,2025-10-03 00:20:00,GOES-19,ALTAMIRA,PARÁ,Brasil,1500602,15,33,,,,Amazônia,71.8
889ac840-af45-3fa6-a626-a6a1d8260efc, -12.613100, -46.972500,2025-10-03 00:20:00,GOES-19,ARRAIAS,TOCANTINS,Brasil,1702406,17,33,,,,Cerrado,147.3
7c9e678d-bdd8-3fff-a487-31df52394cfb,  -3.838400, -41.572900,2025-10-03 00:20:00,GOES-19,PIRACURUCA,PIAUÍ,Brasil,2208304,22,33,,,,Caatinga,39.6
3a754152-6a46-3b5c-ab0c-e0145400001e,  -9.917500, -43.768200,2025-10-03 00:20:00,GOES-19,MORRO CABEÇA NO TEMPO,PIAUÍ,Brasil,2206654,22,33,,,,Caatinga,97.8
f85bb3e4-b36a-3b17-b676-f4b91fc88ffa,  -5.636100, -43.925800,2025-10-03 00:20:00,GOES-19,FORTUNA,MARANHÃO,Brasil,2104206,21,33,,,,Cerrado,243.2
66778e9f-731d-37c8-af23-8ed5bbe3037a, -17.595600, -46.664800,2025-10-03 00:20:00,GOES-19,VAZANTE,MINAS GERAIS,Brasil,3171006,31,33,,,,Cerrado,62.9
26f47799-3579-3645-8050-8be16603dbd9, -11.163100, -43.405400,2025-10-03 00:20:00,GOES-19,BARRA,BAHIA,Brasil,2902708,29,33,,,,Caatinga,72.9
cd6a4636-816e-3f4b-a083-dd94aa451c3c,  -5.865500, -43.421400,2025-10-03 00:20:00,GOES-19,PARNARAMA,MARANHÃO,Brasil,2107803,21,33,,,,Cerrado,85.2
0f120887-a8d0-37e3-a325-3c14c472a31a,  -5.385100, -47.205200,2025-10-03 00:20:00,GOES-19,SENADOR LA ROCQUE,MARANHÃO,Brasil,2111763,21,33,,,,Amazônia,106.4
8105e1d1-8001-3812-a779-1961f04b3e01, -12.766900, -44.913700,2025-10-03 00:30:00,GOES-19,SÃO DESIDÉRIO,BAHIA,Brasil,2928901,29,33,,,,Cerrado,86.0
d7b2ab75-9a5d-3247-95ef-c888f838250c,  -4.669000, -45.806600,2025-10-03 00:30:00,GOES-19,MARAJÁ DO SENA,MARANHÃO,Brasil,2106359,21,33,,,,Amazônia,429.6
a94f85a5-4640-377d-b30e-04dcc40cdc5c, -14.753100, -48.123800,2025-10-03 00:30:00,GOES-19,NIQUELÂNDIA,GOIÁS,Brasil,5214606,52,33,,,,Cerrado,82.4
b2a99208-4946-307d-ba5e-c9175d03690d,  -9.917500, -43.768200,2025-10-03 00:30:00,GOES-19,MORRO CABEÇA NO TEMPO,PIAUÍ,Brasil,2206654,22,33,,,,Caatinga,133.1
45c95270-f78f-3f62-813e-50206f736877, -11.144400, -43.384500,2025-10-03 00:30:00,GOES-19,BARRA,BAHIA,Brasil,2902708,29,33,,,,Caatinga,115.2
952bb33c-2617-3624-85c2-0f15700e25b9,  -5.865500, -43.421400,2025-10-03 00:30:00,GOES-19,PARNARAMA,MARANHÃO,Brasil,2107803,21,33,,,,Cerrado,78.0
ca67cddb-50a1-3652-93c7-26253186bf6b,  -6.060300, -44.629000,2025-10-03 00:30:00,GOES-19,MIRADOR,MARANHÃO,Brasil,2106706,21,33,,,,Cerrado,115.9
6310dca0-0ac7-39b5-980c-28c7d37319b3,  -9.936500, -43.765700,2025-10-03 00:30:00,GOES-19,MORRO CABEÇA NO TEMPO,PIAUÍ,Brasil,2206654,22,33,,,,Caatinga,115.1
4cf9da6e-255e-3b1f-9856-8bf891467432, -14.953800, -46.893100,2025-10-03 00:30:00,GOES-19,FLORES DE GOIÁS,GOIÁS,Brasil,5207907,52,33,,,,Cerrado,64.5
e833ef01-5e8c-3b33-a8fa-be4e3c524a4a, -18.683700, -47.823000,2025-10-03 00:30:00,GOES-19,ESTRELA DO SUL,MINAS GERAIS,Brasil,3124807,31,33,,,,Cerrado,71.6
61644da8-e125-3f68-9de2-0dac6439559e, -12.767300, -44.890400,2025-10-03 00:30:00,GOES-19,SÃO DESIDÉRIO,BAHIA,Brasil,2928901,29,33,,,,Cerrado,55.5
10344989-1050-3616-b3e7-9fd6c644b69e,  -9.936900, -43.742200,2025-10-03 00:30:00,GOES-19,MORRO CABEÇA NO TEMPO,PIAUÍ,Brasil,2206654,22,33,,,,Caatinga,69.8
9a435bce-75a5-3a0d-b775-7e09b9fbb42e,  -5.865700, -43.398100,2025-10-03 00:30:00,GOES-19,PARNARAMA,MARANHÃO,Brasil,2107803,21,33,,,,Cerrado,109.9
28944920-937a-3017-8921-ae01a66e223e,  -5.384900, -47.227100,2025-10-03 00:30:00,GOES-19,SENADOR LA ROCQUE,MARANHÃO,Brasil,2111763,21,33,,,,Amazônia,124.9
d2b50286-98c3-37b9-94b9-ca4284c37007,  -9.918200, -43.721200,2025-10-03 00:30:00,GOES-19,MORRO CABEÇA NO TEMPO,PIAUÍ,Brasil,2206654,22,33,,,,Caatinga,64.6
9857676b-1644-3e98-8a62-4ad84ec0fcf6,  -7.756000, -42.564800,2025-10-03 00:30:00,GOES-19,SOCORRO DO PIAUÍ,PIAUÍ,Brasil,2210904,22,33,,,,Caatinga,85.0
b44c1fb1-ade7-3ac0-862a-4640630a6650,  -6.041800, -44.607600,2025-10-03 00:30:00,GOES-19,MIRADOR,MARANHÃO,Brasil,2106706,21,33,,,,Cerrado,90.2
6790c5bc-c44d-36c7-a211-869508ac4838, -10.175900, -45.490600,2025-10-03 00:30:00,GOES-19,SÃO GONÇALO DO GURGUÉIA,PIAUÍ,Brasil,2209757,22,33,,,,Cerrado,70.2
7f9ee1db-27e0-34a9-bf82-ca580ece3a85,  -3.933100, -47.565500,2025-10-03 00:30:00,GOES-19,ULIANÓPOLIS,PARÁ,Brasil,1508126,15,33,,,,Amazônia,90.7
1de92cfa-7988-30bd-9766-5a4d6de75e75,  -5.617600, -43.904100,2025-10-03 00:30:00,GOES-19,FORTUNA,MARANHÃO,Brasil,2104206,21,33,,,,Cerrado,84.6
fab7a111-599a-32b3-978b-daaff2b4d682, -17.595600, -46.664800,2025-10-03 00:30:00,GOES-19,VAZANTE,MINAS GERAIS,Brasil,3171006,31,33,,,,Cerrado,81.1
7eba25b3-a7a6-3e05-a5f4-d5a002986e4d,  -7.895100, -43.515500,2025-10-03 00:30:00,GOES-19,CANAVIEIRA,PIAUÍ,Brasil,2202251,22,33,,,,Cerrado,73.2
bab35291-b1a1-358f-b5a2-f36bafa2d4a9, -12.632300, -46.969700,2025-10-03 00:30:00,GOES-19,ARRAIAS,TOCANTINS,Brasil,1702406,17,33,,,,Cerrado,155.3
9cfb27e3-11dd-3cd2-94cf-8b57653a6331,  -4.669200, -45.784200,2025-10-03 00:30:00,GOES-19,MARAJÁ DO SENA,MARANHÃO,Brasil,2106359,21,33,,,,Amazônia,380.9
cc906df6-e5a4-35a7-9b3d-4856f441661e, -14.733600, -48.126900,2025-10-03 00:30:00,GOES-19,NIQUELÂNDIA,GOIÁS,Brasil,5214606,52,33,,,,Cerrado,87.8
a83cc9bd-6bcc-3233-a22b-709184cb84d9,  -6.041600, -44.630400,2025-10-03 00:30:00,GOES-19,MIRADOR,MARANHÃO,Brasil,2106706,21,33,,,,Cerrado,131.8
8719da9a-5187-3aa3-959d-8939dc3fcb7b, -13.134500, -47.882000,2025-10-03 00:30:00,GOES-19,PARANÃ,TOCANTINS,Brasil,1716208,17,33,,,,Cerrado,102.3
57463168-b2f7-308c-bdd9-526a84fa7cd5,  -5.385100, -47.205200,2025-10-03 00:30:00,GOES-19,SENADOR LA ROCQUE,MARANHÃO,Brasil,2111763,21,33,,,,Amazônia,180.4
b93d89b2-fffb-37e7-8efb-552fbd993cf0, -16.335600, -49.928900,2025-10-03 00:30:00,GOES-19,ANICUNS,GOIÁS,Brasil,5201306,52,33,,,,Cerrado,63.9
e0444eb5-2056-35a8-8646-698bb41de0d2, -12.747500, -44.916800,2025-10-03 00:30:00,GOES-19,SÃO DESIDÉRIO,BAHIA,Brasil,2928901,29,33,,,,Cerrado,117.4
8ccd7443-1d30-3c67-b97e-8815a1aa191a, -12.632700, -46.947100,2025-10-03 00:30:00,GOES-19,ARRAIAS,TOCANTINS,Brasil,1702406,17,33,,,,Cerrado,91.6
101df9bf-81cc-33dc-8e57-2a3fde8f1bc2,  -7.894800, -43.538900,2025-10-03 00:30:00,GOES-19,CANAVIEIRA,PIAUÍ,Brasil,2202251,22,33,,,,Cerrado,104.6
55993560-4e54-3e3a-9626-d278fb7fc26c, -13.766600, -48.077700,2025-10-03 00:30:00,GOES-19,COLINAS DO SUL,GOIÁS,Brasil,5205521,52,33,,,,Cerrado,71.8
6c7c0d9c-a145-3e68-aaa0-9f56e1920b0d,  -6.240600, -45.365000,2025-10-03 00:30:00,GOES-19,FERNANDO FALCÃO,MARANHÃO,Brasil,2104081,21,33,,,,Cerrado,134.4
eba20eab-7556-3362-9626-eaaae6ae1317,  -5.617400, -43.927200,2025-10-03 00:30:00,GOES-19,FORTUNA,MARANHÃO,Brasil,2104206,21,33,,,,Cerrado,72.0
d52eb01f-d747-3ff1-84db-78b69f79998e,  -4.770800, -44.603300,2025-10-03 00:30:00,GOES-19,POÇÃO DE PEDRAS,MARANHÃO,Brasil,2108900,21,33,,,,Cerrado,99.7
e1014493-3de5-3484-a87f-97ab90c9a237, -11.144000, -43.408200,2025-10-03 00:30:00,GOES-19,BARRA,BAHIA,Brasil,2902708,29,33,,,,Caatinga,192.7
3fbc45ac-3fff-3c0b-92eb-4daa5b390d5b, -11.916300, -46.281700,2025-10-03 00:30:00,GOES-19,PONTE ALTA DO BOM JESUS,TOCANTINS,Brasil,1717800,17,33,,,,Cerrado,64.2
38df8eef-f5da-302d-b8a8-7cc7a229d523,  -7.257800, -48.469900,2025-10-03 00:30:00,GOES-19,ARAGUAÍNA,TOCANTINS,Brasil,1702109,17,33,,,,Cerrado,94.4
63c860c6-dd55-32fd-8ec7-e925c63e2a1a,  -5.366500, -47.206300,2025-10-03 00:30:00,GOES-19,SENADOR LA ROCQUE,MARANHÃO,Brasil,2111763,21,33,,,,Amazônia,107.6
1cda8034-77e0-3674-affc-b23f745ca20d,  -8.613800, -54.976000,2025-10-03 00:30:00,GOES-19,ALTAMIRA,PARÁ,Brasil,1500602,15,33,,,,Amazônia,76.6
143f338c-d0d2-344f-b3c2-3bb12da67cfa,  -4.650500, -45.785300,2025-10-03 00:30:00,GOES-19,MARAJÁ DO SENA,MARANHÃO,Brasil,2106359,21,33,,,,Amazônia,281.7
2587afc8-18bf-3285-9179-0ac366e32ca3, -12.613500, -46.949900,2025-10-03 00:30:00,GOES-19,ARRAIAS,TOCANTINS,Brasil,1702406,17,33,,,,Cerrado,82.9
0c6f60cf-108e-36b5-b6d0-e8d2fee38ed7, -11.163100, -43.405400,2025-10-03 00:30:00,GOES-19,BARRA,BAHIA,Brasil,2902708,29,33,,,,Caatinga,85.5
d22d1096-7763-3c74-8b08-d726aafcf30c,  -7.774900, -42.562800,2025-10-03 00:30:00,GOES-19,SOCORRO DO PIAUÍ,PIAUÍ,Brasil,2210904,22,33,,,,Caatinga,129.1
a9f0964f-cf39-3255-bc7e-d9962d602a9f,  -5.636100, -43.925800,2025-10-03 00:30:00,GOES-19,FORTUNA,MARANHÃO,Brasil,2104206,21,33,,,,Cerrado,201.4
126a9bd5-a6ff-3f1c-9006-185889840c79,  -7.774600, -42.586500,2025-10-03 00:30:00,GOES-19,SOCORRO DO PIAUÍ,PIAUÍ,Brasil,2210904,22,33,,,,Caatinga,211.4
eb360239-3ab3-3909-b2cd-157138181332,  -5.636300, -43.902700,2025-10-03 00:30:00,GOES-19,FORTUNA,MARANHÃO,Brasil,2104206,21,33,,,,Cerrado,268.6
5922e7d2-497b-31cf-b4f5-f099157154ec, -14.896600, -46.834600,2025-10-03 00:30:00,GOES-19,FLORES DE GOIÁS,GOIÁS,Brasil,5207907,52,33,,,,Cerrado,116.3
d69c9b39-6166-38e1-bbff-ee36a8ce727d,  -7.774300, -42.610300,2025-10-03 00:30:00,GOES-19,RIBEIRA DO PIAUÍ,PIAUÍ,Brasil,2208874,22,33,,,,Caatinga,92.6
c2c1c500-4b13-35ae-b30b-b66432570c6f,  -4.789500, -44.602200,2025-10-03 00:30:00,GOES-19,PEDREIRAS,MARANHÃO,Brasil,2108207,21,33,,,,Cerrado,74.7
292721e0-af13-3374-8756-a8eb9efb7b3c, -10.256900, -36.336200,2025-10-03 00:30:00,GOES-19,FELIZ DESERTO,ALAGOAS,Brasil,2702702,27,33,,,,Mata Atlântica,101.4
01400f6a-8d9c-378c-b3a2-8cae3a6c8567, -12.613100, -46.972500,2025-10-03 00:30:00,GOES-19,ARRAIAS,TOCANTINS,Brasil,1702406,17,33,,,,Cerrado,150.8
bc62eccf-b81a-353a-9d9a-d4b56384da9a,  -9.877200, -47.810300,2025-10-03 00:30:00,GOES-19,RIO SONO,TOCANTINS,Brasil,1718758,17,33,,,,Cerrado,76.0
57c07fd4-7215-3d82-afaa-6972b5a1609e,  -7.755700, -42.588500,2025-10-03 00:30:00,GOES-19,SOCORRO DO PIAUÍ,PIAUÍ,Brasil,2210904,22,33,,,,Caatinga,154.0
99a9881e-c722-3ac0-a45f-921c0c6e498c, -13.776900, -47.539200,2025-10-03 00:30:00,GOES-19,CAVALCANTE,GOIÁS,Brasil,5205307,52,33,,,,Cerrado,76.8
1fd9c860-6891-305d-a40e-a6ab10158981,  -5.366300, -47.228300,2025-10-03 00:30:00,GOES-19,SENADOR LA ROCQUE,MARANHÃO,Brasil,2111763,21,33,,,,Amazônia,81.0
ecf871f3-beb0-3e8f-bbe1-112ec6e4e314,  -4.650400, -45.807700,2025-10-03 00:30:00,GOES-19,MARAJÁ DO SENA,MARANHÃO,Brasil,2106359,21,33,,,,Amazônia,243.7
ffb7dfcd-9835-3abd-8310-1222945b266d,  -6.240800, -45.342400,2025-10-03 00:30:00,GOES-19,FERNANDO FALCÃO,MARANHÃO,Brasil,2104081,21,33,,,,Cerrado,133.4
47e403b1-0cec-3d85-a08c-d7cd46e2231a, -14.934200, -46.896500,2025-10-03 00:30:00,GOES-19,FLORES DE GOIÁS,GOIÁS,Brasil,5207907,52,33,,,,Cerrado,95.0
1c58b4e9-d2e4-38f4-bea5-88103826d221, -10.256400, -36.363300,2025-10-03 00:30:00,GOES-19,FELIZ DESERTO,ALAGOAS,Brasil,2702702,27,33,,,,Mata Atlântica,71.9
afea8329-c945-3d55-99ea-654ef21ad198,  -5.846900, -43.399500,2025-10-03 00:30:00,GOES-19,PARNARAMA,MARANHÃO,Brasil,2107803,21,33,,,,Cerrado,83.2
ae787468-e975-34a5-9684-a7922c7f58e2,  -8.613900, -54.955800,2025-10-03 00:30:00,GOES-19,ALTAMIRA,PARÁ,Brasil,1500602,15,33,,,,Amazônia,54.5
878e5a20-9561-3aad-86be-3a621df7f726, -13.134900, -47.859700,2025-10-03 00:30:00,GOES-19,PARANÃ,TOCANTINS,Brasil,1716208,17,33,,,,Cerrado,75.0
98549de1-3e28-3921-98df-cf7452d058cb, -12.748000, -44.893500,2025-10-03 00:30:00,GOES-19,SÃO DESIDÉRIO,BAHIA,Brasil,2928901,29,33,,,,Cerrado,69.1
73841123-06d0-3d11-8bbe-21d11e45c09c,  -6.060500, -44.606100,2025-10-03 00:30:00,GOES-19,MIRADOR,MARANHÃO,Brasil,2106706,21,33,,,,Cerrado,100.9
a618905a-bec8-3f18-b4bc-2b8cf5195a97,   1.510300, -55.825900,2025-10-03 00:30:00,GOES-19,ORIXIMINÁ,PARÁ,Brasil,1505304,15,33,,,,Amazônia,82.3
81cc1d46-fb66-324a-89dd-38760c39b900,  -7.793800, -42.560700,2025-10-03 00:30:00,GOES-19,SOCORRO DO PIAUÍ,PIAUÍ,Brasil,2210904,22,33,,,,Caatinga,85.8
93f53190-c1b0-3da7-ab66-52cf5f519d22,  -7.913700, -43.536900,2025-10-03 00:30:00,GOES-19,CANAVIEIRA,PIAUÍ,Brasil,2202251,22,33,,,,Cerrado,92.2
0da405f6-efb4-3481-9cd7-8b2c174ec64a,  -8.632400, -54.974700,2025-10-03 00:30:00,GOES-19,ALTAMIRA,PARÁ,Brasil,1500602,15,33,,,,Amazônia,51.0
ef0bb139-ccc2-386f-8709-0c1b69ee5beb,  -4.650500, -45.785300,2025-10-03 00:40:00,GOES-19,MARAJÁ DO SENA,MARANHÃO,Brasil,2106359,21,33,,,,Amazônia,283.1
b41a9121-e32b-3f19-b246-189518c01792,  -7.755400, -42.612300,2025-10-03 00:40:00,GOES-19,RIBEIRA DO PIAUÍ,PIAUÍ,Brasil,2208874,22,33,,,,Caatinga,89.4
9a783ee4-70c1-34e2-bbbc-c350711ec69d,   1.510300, -55.825900,2025-10-03 00:40:00,GOES-19,ORIXIMINÁ,PARÁ,Brasil,1505304,15,33,,,,Amazônia,71.4
4021f6c9-5160-33cf-b596-d038a34a1474, -14.753100, -48.123800,2025-10-03 00:40:00,GOES-19,NIQUELÂNDIA,GOIÁS,Brasil,5214606,52,33,,,,Cerrado,79.7
09db7a8a-b830-3a60-b911-bd6ff3fe82f2,  -5.617600, -43.904100,2025-10-03 00:40:00,GOES-19,FORTUNA,MARANHÃO,Brasil,2104206,21,33,,,,Cerrado,83.4
7d8a2aea-c8d5-3bca-857d-7cbe099a6a1d, -13.776900, -47.539200,2025-10-03 00:40:00,GOES-19,CAVALCANTE,GOIÁS,Brasil,5205307,52,33,,,,Cerrado,90.7
57f9db7d-8d91-328c-ab83-88ebe7486696,  -6.060300, -44.629000,2025-10-03 00:40:00,GOES-19,MIRADOR,MARANHÃO,Brasil,2106706,21,33,,,,Cerrado,118.5
ad5d35ab-f55c-3860-ae07-ba131d18db7e, -12.632700, -46.947100,2025-10-03 00:40:00,GOES-19,ARRAIAS,TOCANTINS,Brasil,1702406,17,33,,,,Cerrado,80.6
7198d6a3-d462-332c-851f-05a030afdfea,  -5.865700, -43.398100,2025-10-03 00:40:00,GOES-19,PARNARAMA,MARANHÃO,Brasil,2107803,21,33,,,,Cerrado,84.1
e19b80cb-6a72-3417-92da-b2c2dc78be14, -18.683700, -47.823000,2025-10-03 00:40:00,GOES-19,ESTRELA DO SUL,MINAS GERAIS,Brasil,3124807,31,33,,,,Cerrado,62.5
974c02ba-4a02-3ed1-b499-bab565484b9a,  -7.774600, -42.586500,2025-10-03 00:40:00,GOES-19,SOCORRO DO PIAUÍ,PIAUÍ,Brasil,2210904,22,33,,,,Caatinga,196.6
58299bdc-7fa0-3f4b-b604-759da83add5a,  -7.774900, -42.562800,2025-10-03 00:40:00,GOES-19,SOCORRO DO PIAUÍ,PIAUÍ,Brasil,2210904,22,33,,,,Caatinga,143.6
c52cd068-7b0c-3168-aac7-1157abe64117,  -6.041600, -44.630400,2025-10-03 00:40:00,GOES-19,MIRADOR,MARANHÃO,Brasil,2106706,21,33,,,,Cerrado,126.0
fc25fd24-7805-3f36-b71d-cfd675cabd91,  -6.060500, -44.606100,2025-10-03 00:40:00,GOES-19,MIRADOR,MARANHÃO,Brasil,2106706,21,33,,,,Cerrado,101.6
c4ba6a10-d3f1-3fb5-81c9-89393e3a041c, -17.595000, -46.688200,2025-10-03 00:40:00,GOES-19,VAZANTE,MINAS GERAIS,Brasil,3171006,31,33,,,,Cerrado,120.6
28a1c2bb-e903-3502-b820-116289c72685,  -7.793800, -42.560700,2025-10-03 00:40:00,GOES-19,SOCORRO DO PIAUÍ,PIAUÍ,Brasil,2210904,22,33,,,,Caatinga,94.2
8dff2693-621e-3014-abc3-046a6e03afd4,  -6.240800, -45.342400,2025-10-03 00:40:00,GOES-19,FERNANDO FALCÃO,MARANHÃO,Brasil,2104081,21,33,,,,Cerrado,92.6
e97b8112-3f6d-36a7-a481-ae75b1eacba8,  -6.041800, -44.607600,2025-10-03 00:40:00,GOES-19,MIRADOR,MARANHÃO,Brasil,2106706,21,33,,,,Cerrado,98.3
586e4598-dd63-348c-b6c3-c83454870534, -11.144000, -43.408200,2025-10-03 00:40:00,GOES-19,BARRA,BAHIA,Brasil,2902708,29,33,,,,Caatinga,186.4
966c68dd-39fe-354b-8e7a-04a71395d35e,  -5.385100, -47.205200,2025-10-03 00:40:00,GOES-19,SENADOR LA ROCQUE,MARANHÃO,Brasil,2111763,21,33,,,,Amazônia,189.2
0bf9693d-4b32-3512-9dde-09fa7be1e233,  -8.632400, -54.974700,2025-10-03 00:40:00,GOES-19,ALTAMIRA,PARÁ,Brasil,1500602,15,33,,,,Amazônia,46.9
735963e8-51fe-39bf-b271-deb1304172bf,  -7.894800, -43.538900,2025-10-03 00:40:00,GOES-19,CANAVIEIRA,PIAUÍ,Brasil,2202251,22,33,,,,Cerrado,83.9
bc60b5ad-4ba9-32ce-84a0-29c5f57a298b, -10.873900, -47.050600,2025-10-03 00:40:00,GOES-19,PONTE ALTA DO TOCANTINS,TOCANTINS,Brasil,1717909,17,33,,,,Cerrado,60.0
2cfae8d2-1b87-3a08-81d6-1b8bf03abf48, -13.134500, -47.882000,2025-10-03 00:40:00,GOES-19,PARANÃ,TOCANTINS,Brasil,1716208,17,33,,,,Cerrado,91.0
de56ae0a-f0a9-390c-b2d6-cfddf4fbbecb, -11.916300, -46.281700,2025-10-03 00:40:00,GOES-19,PONTE ALTA DO BOM JESUS,TOCANTINS,Brasil,1717800,17,33,,,,Cerrado,63.7
481c1f47-aa8d-3e3e-94ea-f397b95cf6c8,  -5.617400, -43.927200,2025-10-03 00:40:00,GOES-19,FORTUNA,MARANHÃO,Brasil,2104206,21,33,,,,Cerrado,85.9
ce17ca6c-f715-3e49-b1a4-015860e1ca6f, -14.022700, -44.957600,2025-10-03 00:40:00,GOES-19,JABORANDI,BAHIA,Brasil,2917359,29,33,,,,Cerrado,52.3
88b1ae40-7bbe-3ec4-8bc1-f109c8239dcb, -14.934200, -46.896500,2025-10-03 00:40:00,GOES-19,FLORES DE GOIÁS,GOIÁS,Brasil,5207907,52,33,,,,Cerrado,101.2
8070eee4-73bd-3ccf-ae14-e7790fe7949c,  -4.669200, -45.784200,2025-10-03 00:40:00,GOES-19,MARAJÁ DO SENA,MARANHÃO,Brasil,2106359,21,33,,,,Amazônia,446.7
4f99177e-3ef9-38ab-91ff-01583ea08cff,  -7.257800, -48.469900,2025-10-03 00:40:00,GOES-19,ARAGUAÍNA,TOCANTINS,Brasil,1702109,17,33,,,,Cerrado,75.0
d9335ad9-174e-3915-8ed9-bfdac8d077a9,  -5.846900, -43.399500,2025-10-03 00:40:00,GOES-19,PARNARAMA,MARANHÃO,Brasil,2107803,21,33,,,,Cerrado,79.3
d97364af-c4c6-368e-9c4f-d8843cc2e1a9,  -5.366300, -47.228300,2025-10-03 00:40:00,GOES-19,SENADOR LA ROCQUE,MARANHÃO,Brasil,2111763,21,33,,,,Amazônia,72.2
8b675e32-1e7b-3e56-b8d5-290c4acae774,  -9.917500, -43.768200,2025-10-03 00:40:00,GOES-19,MORRO CABEÇA NO TEMPO,PIAUÍ,Brasil,2206654,22,33,,,,Caatinga,65.8
2b9d3b09-584b-38c3-96d3-92a5f45487d5, -12.613500, -46.949900,2025-10-03 00:40:00,GOES-19,ARRAIAS,TOCANTINS,Brasil,1702406,17,33,,,,Cerrado,86.6
c10f5b61-5bab-3b2d-8aad-54443ef1f5fc,  -7.913700, -43.536900,2025-10-03 00:40:00,GOES-19,CANAVIEIRA,PIAUÍ,Brasil,2202251,22,33,,,,Cerrado,106.5
d22f8e51-b341-3215-b751-d35d2ef0a97e,  -4.669000, -45.806600,2025-10-03 00:40:00,GOES-19,MARAJÁ DO SENA,MARANHÃO,Brasil,2106359,21,33,,,,Amazônia,387.6
1a5e9cda-4cd1-32b5-983a-55146bcf84b7,  -7.257600, -48.491500,2025-10-03 00:40:00,GOES-19,ARAGOMINAS,TOCANTINS,Brasil,1701309,17,33,,,,Cerrado,64.9
f99929cb-386d-3d57-8f4f-0fd796fbe0c8,  -5.366500, -47.206300,2025-10-03 00:40:00,GOES-19,SENADOR LA ROCQUE,MARANHÃO,Brasil,2111763,21,33,,,,Amazônia,81.9
15a04fdb-a6e5-3347-bef0-cef73f216a0d, -17.595600, -46.664800,2025-10-03 00:40:00,GOES-19,VAZANTE,MINAS GERAIS,Brasil,3171006,31,33,,,,Cerrado,186.7
d9c2c8eb-4251-338c-a349-10f4878bce88, -11.163100, -43.405400,2025-10-03 00:40:00,GOES-19,BARRA,BAHIA,Brasil,2902708,29,33,,,,Caatinga,113.8
27cc238d-e635-36f6-ab52-f177b96bd1ca,  -4.650400, -45.807700,2025-10-03 00:40:00,GOES-19,MARAJÁ DO SENA,MARANHÃO,Brasil,2106359,21,33,,,,Amazônia,201.1
9e195499-def4-35f7-93f5-9dfac1d13829,  -3.933100, -47.565500,2025-10-03 00:40:00,GOES-19,ULIANÓPOLIS,PARÁ,Brasil,1508126,15,33,,,,Amazônia,79.1
7166cbf1-1509-3695-a956-8992819777e4,  -8.613800, -54.976000,2025-10-03 00:40:00,GOES-19,ALTAMIRA,PARÁ,Brasil,1500602,15,33,,,,Amazônia,67.5
69d46c73-f949-3791-8b32-ee119bf218fc, -11.144400, -43.384500,2025-10-03 00:40:00,GOES-19,BARRA,BAHIA,Brasil,2902708,29,33,,,,Caatinga,113.8
0178c5dc-1f85-3141-81c6-55d2c87fe38b,  -9.918200, -43.721200,2025-10-03 00:40:00,GOES-19,MORRO CABEÇA NO TEMPO,PIAUÍ,Brasil,2206654,22,33,,,,Caatinga,73.8
7ad86984-ec76-3cc7-b0d8-c568e1edde5a, -12.613100, -46.972500,2025-10-03 00:40:00,GOES-19,ARRAIAS,TOCANTINS,Brasil,1702406,17,33,,,,Cerrado,136.0
630b2a57-f8f1-398e-958a-2d95ea2e1931,  -9.899100, -43.723700,2025-10-03 00:40:00,GOES-19,MORRO CABEÇA NO TEMPO,PIAUÍ,Brasil,2206654,22,33,,,,Caatinga,65.5
65d973d8-ac28-3ea5-ae84-259b587c2daf,  -9.877200, -47.810300,2025-10-03 00:40:00,GOES-19,RIO SONO,TOCANTINS,Brasil,1718758,17,33,,,,Cerrado,35.8
f5530053-92c1-35bb-8670-720fdd088500,  -5.636100, -43.925800,2025-10-03 00:40:00,GOES-19,FORTUNA,MARANHÃO,Brasil,2104206,21,33,,,,Cerrado,185.3
5398124a-c34b-3745-9da3-45cc7a93c5e3,  -7.774300, -42.610300,2025-10-03 00:40:00,GOES-19,RIBEIRA DO PIAUÍ,PIAUÍ,Brasil,2208874,22,33,,,,Caatinga,94.9
f7e1d758-41f5-3673-8591-cb29e9c2699a,  -5.384900, -47.227100,2025-10-03 00:40:00,GOES-19,SENADOR LA ROCQUE,MARANHÃO,Brasil,2111763,21,33,,,,Amazônia,155.2
d3588f8e-5718-3f77-b44f-0230f4bd4ddf, -14.708300, -43.886900,2025-10-03 00:40:00,GOES-19,MATIAS CARDOSO,MINAS GERAIS,Brasil,3140852,31,33,,,,Caatinga,68.4
cc63991e-9958-34a7-989a-d1c2cd408737,  -7.755700, -42.588500,2025-10-03 00:40:00,GOES-19,SOCORRO DO PIAUÍ,PIAUÍ,Brasil,2210904,22,33,,,,Caatinga,152.1
cab9bdff-97d5-3b90-9d12-0b2648236df8, -14.896100, -46.857500,2025-10-03 00:40:00,GOES-19,FLORES DE GOIÁS,GOIÁS,Brasil,5207907,52,33,,,,Cerrado,109.1
8413c1cd-1c38-3dc7-8c85-9a173c5d77d1,  -3.951700, -47.564700,2025-10-03 00:40:00,GOES-19,ULIANÓPOLIS,PARÁ,Brasil,1508126,15,33,,,,Amazônia,62.4
1024f9f5-2714-35a7-8881-09f10bfe7922,  -5.636300, -43.902700,2025-10-03 00:40:00,GOES-19,FORTUNA,MARANHÃO,Brasil,2104206,21,33,,,,Cerrado,217.5
44ef5371-b5f1-3a48-8c11-0e1cc2c1e3b3,  -5.655000, -43.901300,2025-10-03 00:40:00,GOES-19,BURITI BRAVO,MARANHÃO,Brasil,2102309,21,33,,,,Cerrado,82.3
caa89186-a938-398f-b655-578d92917e25, -14.896600, -46.834600,2025-10-03 00:40:00,GOES-19,FLORES DE GOIÁS,GOIÁS,Brasil,5207907,52,33,,,,Cerrado,156.7
30a703e4-dd70-3029-bf99-b20769b8e606, -12.632300, -46.969700,2025-10-03 00:40:00,GOES-19,ARRAIAS,TOCANTINS,Brasil,1702406,17,33,,,,Cerrado,126.7
78bdd67b-1042-3b83-a9b2-3b15d826a39a,  -6.240600, -45.365000,2025-10-03 00:40:00,GOES-19,FERNANDO FALCÃO,MARANHÃO,Brasil,2104081,21,33,,,,Cerrado,103.7
316516f0-fde0-35be-97ca-126482336a03, -10.948000, -51.084600,2025-10-03 00:50:00,GOES-19,LUCIARA,MATO GROSSO,Brasil,5105309,51,33,,,,Cerrado,34.2
1c698888-cae0-3dde-ac72-de72702b1186,  -5.385100, -47.205200,2025-10-03 00:50:00,GOES-19,SENADOR LA ROCQUE,MARANHÃO,Brasil,2111763,21,33,,,,Amazônia,116.5
7ccc79f0-7f47-379c-a3d1-11bead535914,  -5.636300, -43.902700,2025-10-03 00:50:00,GOES-19,FORTUNA,MARANHÃO,Brasil,2104206,21,33,,,,Cerrado,216.9
e252ef9a-5d0a-342d-843a-a839a7caa020,  -5.865700, -43.398100,2025-10-03 00:50:00,GOES-19,PARNARAMA,MARANHÃO,Brasil,2107803,21,33,,,,Cerrado,100.9
03b883a1-0e04-3cce-b333-643de9aeed9c, -14.953800, -46.893100,2025-10-03 00:50:00,GOES-19,FLORES DE GOIÁS,GOIÁS,Brasil,5207907,52,33,,,,Cerrado,67.0
3bd6c391-a3a5-36ab-9c44-4cf0949d3820, -13.134900, -47.859700,2025-10-03 00:50:00,GOES-19,PARANÃ,TOCANTINS,Brasil,1716208,17,33,,,,Cerrado,63.8
8ead1c0f-cd63-3e17-9d6d-7e4a2d362d5a, -14.708300, -43.886900,2025-10-03 00:50:00,GOES-19,MATIAS CARDOSO,MINAS GERAIS,Brasil,3140852,31,33,,,,Caatinga,72.8
406d3c08-964a-3ce8-8d3b-88e691f6d3fb,  -7.894800, -43.538900,2025-10-03 00:50:00,GOES-19,CANAVIEIRA,PIAUÍ,Brasil,2202251,22,33,,,,Cerrado,81.6
2e137b93-3d35-35c4-bc5c-66d00b767c87,  -6.060500, -44.606100,2025-10-03 00:50:00,GOES-19,MIRADOR,MARANHÃO,Brasil,2106706,21,33,,,,Cerrado,95.5
fc69d07c-8a81-3cd4-9936-9f49780b4cf2, -13.134500, -47.882000,2025-10-03 00:50:00,GOES-19,PARANÃ,TOCANTINS,Brasil,1716208,17,33,,,,Cerrado,92.1
f247d539-4f93-3787-852a-f92566e9c44d, -10.258700, -50.347800,2025-10-03 00:50:00,GOES-19,PIUM,TOCANTINS,Brasil,1717503,17,33,,,,Cerrado,58.8
ec346a2f-51c9-31aa-be59-4a7ef4d5c5e5,  -5.384900, -47.227100,2025-10-03 00:50:00,GOES-19,SENADOR LA ROCQUE,MARANHÃO,Brasil,2111763,21,33,,,,Amazônia,86.0
09d08d1c-1f78-3f8e-80c2-b907a0b70a2c,  -9.936500, -43.765700,2025-10-03 00:50:00,GOES-19,MORRO CABEÇA NO TEMPO,PIAUÍ,Brasil,2206654,22,33,,,,Caatinga,67.5
219e584e-0149-3cc8-aef7-a861138b60d2, -14.896100, -46.857500,2025-10-03 00:50:00,GOES-19,FLORES DE GOIÁS,GOIÁS,Brasil,5207907,52,33,,,,Cerrado,133.1
b3480f33-d42d-383f-aed9-6a6d1afe19c9,  -3.951700, -47.564700,2025-10-03 00:50:00,GOES-19,ULIANÓPOLIS,PARÁ,Brasil,1508126,15,33,,,,Amazônia,51.3
660baf41-8b46-349c-adae-40f3fc1b83e2,  -6.240600, -45.365000,2025-10-03 00:50:00,GOES-19,FERNANDO FALCÃO,MARANHÃO,Brasil,2104081,21,33,,,,Cerrado,191.6
f39b8584-c2ff-3a5d-9273-ec4cd2ec9da6, -12.632300, -46.969700,2025-10-03 00:50:00,GOES-19,ARRAIAS,TOCANTINS,Brasil,1702406,17,33,,,,Cerrado,118.8
67a13ba5-5d55-3432-8661-78cc0ec07dcd, -13.776400, -47.561700,2025-10-03 00:50:00,GOES-19,CAVALCANTE,GOIÁS,Brasil,5205307,52,33,,,,Cerrado,75.5
42f5935f-0fc7-3183-8f1c-1b3d57a24351,  -4.669000, -45.806600,2025-10-03 00:50:00,GOES-19,MARAJÁ DO SENA,MARANHÃO,Brasil,2106359,21,33,,,,Amazônia,394.6
1ab0a60d-db48-3acf-b5e3-74e5625fa660,  -4.650500, -45.785300,2025-10-03 00:50:00,GOES-19,MARAJÁ DO SENA,MARANHÃO,Brasil,2106359,21,33,,,,Amazônia,249.1
b5d61f56-00b6-39b5-9424-a6ece6e7abee,  -4.669200, -45.784200,2025-10-03 00:50:00,GOES-19,MARAJÁ DO SENA,MARANHÃO,Brasil,2106359,21,33,,,,Amazônia,344.4
2205f427-ee57-3ecd-8ce7-92fbcffb121e, -10.258400, -50.369200,2025-10-03 00:50:00,GOES-19,PIUM,TOCANTINS,Brasil,1717503,17,33,,,,Cerrado,51.6
2095303e-1862-3e26-bb19-dbf6bae2867f,  -9.899100, -43.723700,2025-10-03 00:50:00,GOES-19,MORRO CABEÇA NO TEMPO,PIAUÍ,Brasil,2206654,22,33,,,,Caatinga,64.2
d8972a73-5607-32f2-aa91-754c75bc83ca,  -6.041800, -44.607600,2025-10-03 00:50:00,GOES-19,MIRADOR,MARANHÃO,Brasil,2106706,21,33,,,,Cerrado,85.5
c1553ed3-647b-31b1-9db9-d4c5812ba7a8,  -7.257800, -48.469900,2025-10-03 00:50:00,GOES-19,ARAGUAÍNA,TOCANTINS,Brasil,1702109,17,33,,,,Cerrado,90.1
a18f333b-c6dc-3048-8451-5a895059a98a,  -6.041600, -44.630400,2025-10-03 00:50:00,GOES-19,MIRADOR,MARANHÃO,Brasil,2106706,21,33,,,,Cerrado,124.5
779e723d-f18c-39a4-a9c0-eb02030530c3,  -7.913700, -43.536900,2025-10-03 00:50:00,GOES-19,CANAVIEIRA,PIAUÍ,Brasil,2202251,22,33,,,,Cerrado,77.4
fe16f875-69b7-3ddc-85d5-bfc71e740e89, -11.916300, -46.281700,2025-10-03 00:50:00,GOES-19,PONTE ALTA DO BOM JESUS,TOCANTINS,Brasil,1717800,17,33,,,,Cerrado,91.0
4570485b-e15b-334c-80ae-2ff4eddd7398, -12.613500, -46.949900,2025-10-03 00:50:00,GOES-19,ARRAIAS,TOCANTINS,Brasil,1702406,17,33,,,,Cerrado,68.4
67e40da4-bcd4-32d4-a96e-ba300f9f6f88, -11.144400, -43.384500,2025-10-03 00:50:00,GOES-19,BARRA,BAHIA,Brasil,2902708,29,33,,,,Caatinga,99.6
d578a6bf-16b0-3f7c-b9ce-d89c82ce44d2,  -9.936900, -43.742200,2025-10-03 00:50:00,GOES-19,MORRO CABEÇA NO TEMPO,PIAUÍ,Brasil,2206654,22,33,,,,Caatinga,66.9
3f3701db-f3db-37d0-bcf4-de03bd8ce885,  -4.650400, -45.807700,2025-10-03 00:50:00,GOES-19,MARAJÁ DO SENA,MARANHÃO,Brasil,2106359,21,33,,,,Amazônia,214.9
738be099-bb85-326d-bedf-6787d794b4bf,  -5.865500, -43.421400,2025-10-03 00:50:00,GOES-19,PARNARAMA,MARANHÃO,Brasil,2107803,21,33,,,,Cerrado,72.4
44745700-51e4-3471-b98b-d2bbafcf4c93,  -3.933100, -47.565500,2025-10-03 00:50:00,GOES-19,ULIANÓPOLIS,PARÁ,Brasil,1508126,15,33,,,,Amazônia,87.8
ee818136-9867-3534-811c-11cc88aaa175,  -8.632400, -54.974700,2025-10-03 00:50:00,GOES-19,ALTAMIRA,PARÁ,Brasil,1500602,15,33,,,,Amazônia,45.4
4f991929-ff39-376a-ae18-9a2bf7a97f1f, -14.934200, -46.896500,2025-10-03 00:50:00,GOES-19,FLORES DE GOIÁS,GOIÁS,Brasil,5207907,52,33,,,,Cerrado,92.6
80958e5d-7708-37e2-8e33-2bead2f15998,  -5.366500, -47.206300,2025-10-03 00:50:00,GOES-19,SENADOR LA ROCQUE,MARANHÃO,Brasil,2111763,21,33,,,,Amazônia,82.7
f3f69d99-b3a1-3eac-b190-73d9860b42fe, -17.575600, -46.669000,2025-10-03 00:50:00,GOES-19,VAZANTE,MINAS GERAIS,Brasil,3171006,31,33,,,,Cerrado,52.1
1c9a53dc-f7c5-3521-8f14-5bb2aaaba2a0, -19.724400, -45.880400,2025-10-03 00:50:00,GOES-19,LUZ,MINAS GERAIS,Brasil,3138807,31,33,,,,Cerrado,76.0
0185b781-3d8e-30eb-a802-7994d983718e,  -5.846900, -43.399500,2025-10-03 00:50:00,GOES-19,PARNARAMA,MARANHÃO,Brasil,2107803,21,33,,,,Cerrado,70.2
ab11d249-1c90-3fb7-b7ac-30047e63b1cd,  -5.655000, -43.901300,2025-10-03 00:50:00,GOES-19,BURITI BRAVO,MARANHÃO,Brasil,2102309,21,33,,,,Cerrado,69.4
720bb50f-99df-3b3f-8354-a8d804d2bbfc,  -6.240800, -45.342400,2025-10-03 00:50:00,GOES-19,FERNANDO FALCÃO,MARANHÃO,Brasil,2104081,21,33,,,,Cerrado,136.0
507017e6-9f9b-3f86-99a3-345d647f9bb6, -17.595000, -46.688200,2025-10-03 00:50:00,GOES-19,VAZANTE,MINAS GERAIS,Brasil,3171006,31,33,,,,Cerrado,83.9
78ff5073-186a-3491-84a9-e6f76df6a673, -14.896600, -46.834600,2025-10-03 00:50:00,GOES-19,FLORES DE GOIÁS,GOIÁS,Brasil,5207907,52,33,,,,Cerrado,190.8
ba62e58e-8496-39ca-8cb3-3aa87758f1cf, -17.595600, -46.664800,2025-10-03 00:50:00,GOES-19,VAZANTE,MINAS GERAIS,Brasil,3171006,31,33,,,,Cerrado,143.0
438d32ea-89d8-3e20-a4b5-012140ef0e49, -12.613100, -46.972500,2025-10-03 00:50:00,GOES-19,ARRAIAS,TOCANTINS,Brasil,1702406,17,33,,,,Cerrado,123.3
b3b7f8fa-0f09-38ce-a43e-6a0a619edd31,  -5.636100, -43.925800,2025-10-03 00:50:00,GOES-19,FORTUNA,MARANHÃO,Brasil,2104206,21,33,,,,Cerrado,158.3
6273949b-14c0-3c67-84e8-796409db4484, -11.144000, -43.408200,2025-10-03 00:50:00,GOES-19,BARRA,BAHIA,Brasil,2902708,29,33,,,,Caatinga,149.5
c4f0f45b-80fa-359c-9106-0a178589d29c,  -8.613800, -54.976000,2025-10-03 00:50:00,GOES-19,ALTAMIRA,PARÁ,Brasil,1500602,15,33,,,,Amazônia,59.8
5b6030f6-3420-3cc8-978c-fce6c538745f, -14.688600, -43.890700,2025-10-03 00:50:00,GOES-19,MATIAS CARDOSO,MINAS GERAIS,Brasil,3140852,31,33,,,,Caatinga,84.5
a439789c-1bb8-3285-9519-ec12fdf2164d,  -6.060300, -44.629000,2025-10-03 00:50:00,GOES-19,MIRADOR,MARANHÃO,Brasil,2106706,21,33,,,,Cerrado,108.8
ed63b5f9-f840-3b4c-8c37-588b53999cb7, -12.632700, -46.947100,2025-10-03 00:50:00,GOES-19,ARRAIAS,TOCANTINS,Brasil,1702406,17,33,,,,Cerrado,76.6
893d1fc8-b032-3e05-ac43-6b29431cda56,  -9.918200, -43.721200,2025-10-03 00:50:00,GOES-19,MORRO CABEÇA NO TEMPO,PIAUÍ,Brasil,2206654,22,33,,,,Caatinga,94.5
f2eefa9d-1c2e-3c17-9809-20b6d5920ae9, -13.776900, -47.539200,2025-10-03 00:50:00,GOES-19,CAVALCANTE,GOIÁS,Brasil,5205307,52,33,,,,Cerrado,92.3
d6d7627d-7140-3a1c-972a-e26ebfd21683, -10.929100, -51.086600,2025-10-03 01:00:00,GOES-19,LUCIARA,MATO GROSSO,Brasil,5105309,51,33,,,,Cerrado,42.5
99bf3f17-1376-37d3-b430-387bfffe46d4, -12.632700, -46.947100,2025-10-03 01:00:00,GOES-19,ARRAIAS,TOCANTINS,Brasil,1702406,17,33,,,,Cerrado,75.1
c41e3634-c58d-3cb2-a05f-2e99a165a63b,  -9.899100, -43.723700,2025-10-03 01:00:00,GOES-19,MORRO CABEÇA NO TEMPO,PIAUÍ,Brasil,2206654,22,33,,,,Caatinga,68.7
82428729-1bd5-3205-8f21-52e969e4be6a,  -5.655000, -43.901300,2025-10-03 01:00:00,GOES-19,BURITI BRAVO,MARANHÃO,Brasil,2102309,21,33,,,,Cerrado,74.6
f9f5128f-e06a-33e4-8b76-3b91bf004c9f, -14.708300, -43.886900,2025-10-03 01:00:00,GOES-19,MATIAS CARDOSO,MINAS GERAIS,Brasil,3140852,31,33,,,,Caatinga,79.2
916f0e4f-0d1f-3e67-a24d-00ee2e0b308f,  -4.687700, -45.805600,2025-10-03 01:00:00,GOES-19,MARAJÁ DO SENA,MARANHÃO,Brasil,2106359,21,33,,,,Amazônia,55.8
095291d3-f6de-3b76-b3e6-c00898470b55,  -5.846900, -43.399500,2025-10-03 01:00:00,GOES-19,PARNARAMA,MARANHÃO,Brasil,2107803,21,33,,,,Cerrado,76.8
e8e1959c-7384-3d4c-83d4-592732de4479,  -5.385100, -47.205200,2025-10-03 01:00:00,GOES-19,SENADOR LA ROCQUE,MARANHÃO,Brasil,2111763,21,33,,,,Amazônia,95.1
04de6ecd-1451-3717-9744-e8de52a37562, -11.916300, -46.281700,2025-10-03 01:00:00,GOES-19,PONTE ALTA DO BOM JESUS,TOCANTINS,Brasil,1717800,17,33,,,,Cerrado,148.5
4dc12545-bc2c-3183-ba6a-ec0bd02a77a4, -18.793100, -42.488400,2025-10-03 01:00:00,GOES-19,SARDOÁ,MINAS GERAIS,Brasil,3165503,31,33,,,,Mata Atlântica,82.4
c226f0f9-d77a-3dae-8f8e-0121d2ef27ac, -14.877000, -46.838000,2025-10-03 01:00:00,GOES-19,FLORES DE GOIÁS,GOIÁS,Brasil,5207907,52,33,,,,Cerrado,86.6
c5095c49-0f72-3911-875b-a65fb2a6db32, -10.948000, -51.084600,2025-10-03 01:00:00,GOES-19,LUCIARA,MATO GROSSO,Brasil,5105309,51,33,,,,Cerrado,42.5
6d29f25b-f033-3ee2-b6bb-02e6f170b8d0,  -6.259400, -45.363600,2025-10-03 01:00:00,GOES-19,FERNANDO FALCÃO,MARANHÃO,Brasil,2104081,21,33,,,,Cerrado,101.2
4e3040fe-9339-3322-a771-e1e8f5dbea7f,   1.510300, -55.825900,2025-10-03 01:00:00,GOES-19,ORIXIMINÁ,PARÁ,Brasil,1505304,15,33,,,,Amazônia,61.6
22447670-e7d9-39ca-98c6-741c108b3d06,  -7.913700, -43.536900,2025-10-03 01:00:00,GOES-19,CANAVIEIRA,PIAUÍ,Brasil,2202251,22,33,,,,Cerrado,106.5
6cbca589-0a84-3d13-8da4-d553186ce642, -14.896600, -46.834600,2025-10-03 01:00:00,GOES-19,FLORES DE GOIÁS,GOIÁS,Brasil,5207907,52,33,,,,Cerrado,168.1
94032236-e334-343c-bb78-d05c4b41bbd3, -18.813500, -42.483000,2025-10-03 01:00:00,GOES-19,GONZAGA,MINAS GERAIS,Brasil,3127503,31,33,,,,Mata Atlântica,54.7
18c84c12-2d0d-3b94-8e8c-76fe568bef96,  -4.669000, -45.806600,2025-10-03 01:00:00,GOES-19,MARAJÁ DO SENA,MARANHÃO,Brasil,2106359,21,33,,,,Amazônia,257.2
6ab5c7ef-2f27-3af1-b86a-ec9ce9d09c0e,  -4.650400, -45.807700,2025-10-03 01:00:00,GOES-19,MARAJÁ DO SENA,MARANHÃO,Brasil,2106359,21,33,,,,Amazônia,140.0
c7ec4457-4f82-34ad-a5ce-907885891b35,  -4.687800, -45.783200,2025-10-03 01:00:00,GOES-19,MARAJÁ DO SENA,MARANHÃO,Brasil,2106359,21,33,,,,Amazônia,54.4
d6d3dd2e-109b-3f95-ac5c-eec3da0f83ee, -12.613500, -46.949900,2025-10-03 01:00:00,GOES-19,ARRAIAS,TOCANTINS,Brasil,1702406,17,33,,,,Cerrado,101.8
3dd14b94-f662-352c-b7d2-6dac5e7207f0, -10.256900, -36.336200,2025-10-03 01:00:00,GOES-19,FELIZ DESERTO,ALAGOAS,Brasil,2702702,27,33,,,,Mata Atlântica,136.8
96895e1e-6233-3f69-a598-b01e7eddb73e,  -4.669200, -45.784200,2025-10-03 01:00:00,GOES-19,MARAJÁ DO SENA,MARANHÃO,Brasil,2106359,21,33,,,,Amazônia,324.4
e7662ed8-0431-375a-8c1a-83cc4f59b676, -10.258400, -50.369200,2025-10-03 01:00:00,GOES-19,PIUM,TOCANTINS,Brasil,1717503,17,33,,,,Cerrado,48.7
0b7904c5-fecb-30e1-a79d-07fd726bd58f,  -6.240800, -45.342400,2025-10-03 01:00:00,GOES-19,FERNANDO FALCÃO,MARANHÃO,Brasil,2104081,21,33,,,,Cerrado,123.8
3b54b421-5b68-3e8c-b9b1-c0eb428b139c,  -5.384900, -47.227100,2025-10-03 01:00:00,GOES-19,SENADOR LA ROCQUE,MARANHÃO,Brasil,2111763,21,33,,,,Amazônia,79.4
2da7ffa1-41ac-3379-81da-2a23db72fbbd,  -3.933100, -47.565500,2025-10-03 01:00:00,GOES-19,ULIANÓPOLIS,PARÁ,Brasil,1508126,15,33,,,,Amazônia,79.4
98a41b64-4f64-364c-9544-26d56b08bb0e,  -7.749600, -46.249600,2025-10-03 01:00:00,GOES-19,BALSAS,MARANHÃO,Brasil,2101400,21,33,,,,Cerrado,87.6
3bed7cbd-26a9-3d52-9cd2-6694657bdb65,  -8.613800, -54.976000,2025-10-03 01:00:00,GOES-19,ALTAMIRA,PARÁ,Brasil,1500602,15,33,,,,Amazônia,62.3
90a777ea-eb78-34fb-a5e8-ceeb62254f1e, -10.258700, -50.347800,2025-10-03 01:00:00,GOES-19,PIUM,TOCANTINS,Brasil,1717503,17,33,,,,Cerrado,53.4
fcee5ffa-9b27-333f-9eb3-349423f7dc34, -11.916700, -46.259000,2025-10-03 01:00:00,GOES-19,PONTE ALTA DO BOM JESUS,TOCANTINS,Brasil,1717800,17,33,,,,Cerrado,58.2
eb482af9-c238-39d9-821e-fefa8abb32ad, -11.144000, -43.408200,2025-10-03 01:00:00,GOES-19,BARRA,BAHIA,Brasil,2902708,29,33,,,,Caatinga,131.6
1d88bbd1-c71c-3a44-ac89-b16eaa283b4e,  -9.918200, -43.721200,2025-10-03 01:00:00,GOES-19,MORRO CABEÇA NO TEMPO,PIAUÍ,Brasil,2206654,22,33,,,,Caatinga,74.5
26a583db-7475-3233-a3c8-d8073532c474,  -5.636100, -43.925800,2025-10-03 01:00:00,GOES-19,FORTUNA,MARANHÃO,Brasil,2104206,21,33,,,,Cerrado,124.1
8b15c88c-efe9-345a-b651-c1d117837a55,  -5.617600, -43.904100,2025-10-03 01:00:00,GOES-19,FORTUNA,MARANHÃO,Brasil,2104206,21,33,,,,Cerrado,62.6
e4baf1fa-8030-3acc-8b1f-bffa68a4f445, -10.276200, -36.332700,2025-10-03 01:00:00,GOES-19,FELIZ DESERTO,ALAGOAS,Brasil,2702702,27,33,,,,Mata Atlântica,70.8
37999d4d-7c13-32d6-b92b-3f6c6c7b5578, -17.595000, -46.688200,2025-10-03 01:00:00,GOES-19,VAZANTE,MINAS GERAIS,Brasil,3171006,31,33,,,,Cerrado,64.0
d668df89-390c-3d9a-81a3-de945762d9b3, -12.632300, -46.969700,2025-10-03 01:00:00,GOES-19,ARRAIAS,TOCANTINS,Brasil,1702406,17,33,,,,Cerrado,121.5
79ad2dc0-cb12-3c58-9cab-2db56def9578,  -6.060500, -44.606100,2025-10-03 01:00:00,GOES-19,MIRADOR,MARANHÃO,Brasil,2106706,21,33,,,,Cerrado,82.0
8180edef-6d15-3f74-a977-439a85bb10db, -11.163100, -43.405400,2025-10-03 01:00:00,GOES-19,BARRA,BAHIA,Brasil,2902708,29,33,,,,Caatinga,89.4
f9c1102e-31f4-39e8-9509-00df94c15fb4,  -8.632400, -54.974700,2025-10-03 01:00:00,GOES-19,ALTAMIRA,PARÁ,Brasil,1500602,15,33,,,,Amazônia,48.7
cbece0e9-b3e4-3d09-be5c-6df7b2902915,  -5.865700, -43.398100,2025-10-03 01:00:00,GOES-19,PARNARAMA,MARANHÃO,Brasil,2107803,21,33,,,,Cerrado,69.0
024b4c88-b723-32de-8b5c-25fb223eb38f, -14.934200, -46.896500,2025-10-03 01:00:00,GOES-19,FLORES DE GOIÁS,GOIÁS,Brasil,5207907,52,33,,,,Cerrado,125.5
c2e36a90-f33d-32d4-9351-423d9e153e34, -17.595600, -46.664800,2025-10-03 01:00:00,GOES-19,VAZANTE,MINAS GERAIS,Brasil,3171006,31,33,,,,Cerrado,84.3
57291211-b14d-3a34-8463-43693e719b9f, -10.256400, -36.363300,2025-10-03 01:00:00,GOES-19,FELIZ DESERTO,ALAGOAS,Brasil,2702702,27,33,,,,Mata Atlântica,111.2
86758365-6c67-345f-949c-b204796094dc,  -6.041800, -44.607600,2025-10-03 01:00:00,GOES-19,MIRADOR,MARANHÃO,Brasil,2106706,21,33,,,,Cerrado,94.3
e8749fdd-685d-3cfd-a18e-5ce42fdc9a64, -14.896100, -46.857500,2025-10-03 01:00:00,GOES-19,FLORES DE GOIÁS,GOIÁS,Brasil,5207907,52,33,,,,Cerrado,119.8
2119a1ea-a8ee-385a-ba48-e65d4e01293c,  -4.650500, -45.785300,2025-10-03 01:00:00,GOES-19,MARAJÁ DO SENA,MARANHÃO,Brasil,2106359,21,33,,,,Amazônia,190.4
212fe8f1-e720-3ded-8ae6-5b6d4fa42db3, -11.144400, -43.384500,2025-10-03 01:00:00,GOES-19,BARRA,BAHIA,Brasil,2902708,29,33,,,,Caatinga,89.0
bd6add4f-0718-3611-81e7-ae6341892bd3,  -6.240600, -45.365000,2025-10-03 01:00:00,GOES-19,FERNANDO FALCÃO,MARANHÃO,Brasil,2104081,21,33,,,,Cerrado,178.3
710afe37-1cb5-3631-8bad-62bbc3a31841,  -5.636300, -43.902700,2025-10-03 01:00:00,GOES-19,FORTUNA,MARANHÃO,Brasil,2104206,21,33,,,,Cerrado,173.5
1040931d-b56e-3813-b4ce-fe52515455e4, -19.724400, -45.880400,2025-10-03 01:00:00,GOES-19,LUZ,MINAS GERAIS,Brasil,3138807,31,33,,,,Cerrado,60.1
ad872301-092f-3fbf-af5f-03ffde300038,  -5.617400, -43.927200,2025-10-03 01:00:00,GOES-19,FORTUNA,MARANHÃO,Brasil,2104206,21,33,,,,Cerrado,66.7
6310e9a1-dc48-3c68-b6cd-2d59eea68fbd,  -6.041600, -44.630400,2025-10-03 01:00:00,GOES-19,MIRADOR,MARANHÃO,Brasil,2106706,21,33,,,,Cerrado,111.1
3cb95135-ea60-3b30-96c5-203c7c835560, -12.613100, -46.972500,2025-10-03 01:00:00,GOES-19,ARRAIAS,TOCANTINS,Brasil,1702406,17,33,,,,Cerrado,155.1
6ee3ad19-0c85-3dc4-885d-c27b6e556499, -14.876600, -46.860900,2025-10-03 01:00:00,GOES-19,FLORES DE GOIÁS,GOIÁS,Brasil,5207907,52,33,,,,Cerrado,67.0
42de1756-9bf9-320a-9917-856dcb286b4d,  -6.060300, -44.629000,2025-10-03 01:00:00,GOES-19,MIRADOR,MARANHÃO,Brasil,2106706,21,33,,,,Cerrado,90.2
d099e7c4-21f9-31b2-a4e8-31a2d165157c,  -6.060300, -44.629000,2025-10-03 01:10:00,GOES-19,MIRADOR,MARANHÃO,Brasil,2106706,21,33,,,,Cerrado,93.5
62f2c5bf-65f4-31d4-bfa2-d80c42318163,  -8.613800, -54.976000,2025-10-03 01:10:00,GOES-19,ALTAMIRA,PARÁ,Brasil,1500602,15,33,,,,Amazônia,61.8
561829f9-f997-38b4-83e9-ec1d9563a1bb, -14.893700, -46.971800,2025-10-03 01:10:00,GOES-19,FLORES DE GOIÁS,GOIÁS,Brasil,5207907,52,33,,,,Cerrado,77.4
37612d07-0f88-3c7f-a92d-c70d019137b2, -11.144000, -43.408200,2025-10-03 01:10:00,GOES-19,BARRA,BAHIA,Brasil,2902708,29,33,,,,Caatinga,141.7
0bc95f7c-2505-3ed5-9cc5-4f6af17329f8, -10.966700, -51.103900,2025-10-03 01:10:00,GOES-19,LUCIARA,MATO GROSSO,Brasil,5105309,51,33,,,,Cerrado,29.6
e0bffe45-08c4-3639-90c6-46b59e5170db,  -4.669000, -45.806600,2025-10-03 01:10:00,GOES-19,MARAJÁ DO SENA,MARANHÃO,Brasil,2106359,21,33,,,,Amazônia,203.5
d1f63017-473d-3cf0-856e-5dd5150e761c, -14.896600, -46.834600,2025-10-03 01:10:00,GOES-19,FLORES DE GOIÁS,GOIÁS,Brasil,5207907,52,33,,,,Cerrado,169.4
4bc2a71e-795a-3921-b3da-873714b0a3a1,  -5.865700, -43.398100,2025-10-03 01:10:00,GOES-19,PARNARAMA,MARANHÃO,Brasil,2107803,21,33,,,,Cerrado,73.7
fdafab83-b667-36a9-8ea2-e23362dfe901,  -7.913700, -43.536900,2025-10-03 01:10:00,GOES-19,CANAVIEIRA,PIAUÍ,Brasil,2202251,22,33,,,,Cerrado,77.2
5d31474c-a86a-3bbb-9848-c4eb4c2cac12,  -3.933100, -47.565500,2025-10-03 01:10:00,GOES-19,ULIANÓPOLIS,PARÁ,Brasil,1508126,15,33,,,,Amazônia,67.5
ced9fd0d-d18b-3daf-9ff2-b83850eaba11,  -5.846900, -43.399500,2025-10-03 01:10:00,GOES-19,PARNARAMA,MARANHÃO,Brasil,2107803,21,33,,,,Cerrado,72.3
6fcac106-93c1-3127-ad31-6fc7172168e5, -10.873900, -47.050600,2025-10-03 01:10:00,GOES-19,PONTE ALTA DO TOCANTINS,TOCANTINS,Brasil,1717909,17,33,,,,Cerrado,109.6
7ddd35f0-c256-399b-919d-785c969bb615,  -8.613900, -54.955800,2025-10-03 01:10:00,GOES-19,ALTAMIRA,PARÁ,Brasil,1500602,15,33,,,,Amazônia,43.0
72db221d-5927-3461-bfed-877e1563be2c, -14.896100, -46.857500,2025-10-03 01:10:00,GOES-19,FLORES DE GOIÁS,GOIÁS,Brasil,5207907,52,33,,,,Cerrado,86.5
880847fe-2832-3ea2-ae09-e764070abeab,  -6.060500, -44.606100,2025-10-03 01:10:00,GOES-19,MIRADOR,MARANHÃO,Brasil,2106706,21,33,,,,Cerrado,83.4
667be337-2364-3112-b9f3-db1ea975d0b4, -10.258700, -50.347800,2025-10-03 01:10:00,GOES-19,PIUM,TOCANTINS,Brasil,1717503,17,33,,,,Cerrado,52.4
9d4a8310-cc33-3551-9538-a8da18d7312b, -13.776900, -47.539200,2025-10-03 01:10:00,GOES-19,CAVALCANTE,GOIÁS,Brasil,5205307,52,33,,,,Cerrado,79.8
974e3200-e54f-39cf-90cf-ea7cb2ab5a5e, -12.632300, -46.969700,2025-10-03 01:10:00,GOES-19,ARRAIAS,TOCANTINS,Brasil,1702406,17,33,,,,Cerrado,158.6
e8153863-d9c8-34b3-87ec-5a331689402c,  -5.385100, -47.205200,2025-10-03 01:10:00,GOES-19,SENADOR LA ROCQUE,MARANHÃO,Brasil,2111763,21,33,,,,Amazônia,77.8
b3c8caf2-4ba3-3150-bf43-cfd30d04fcf6, -14.877000, -46.838000,2025-10-03 01:10:00,GOES-19,FLORES DE GOIÁS,GOIÁS,Brasil,5207907,52,33,,,,Cerrado,68.0
312c975b-d61a-3355-9f6f-41121efb6adb,  -5.617600, -43.904100,2025-10-03 01:10:00,GOES-19,FORTUNA,MARANHÃO,Brasil,2104206,21,33,,,,Cerrado,68.9
9a1a776b-1a22-3508-81a1-94f633cdd444, -11.144400, -43.384500,2025-10-03 01:10:00,GOES-19,BARRA,BAHIA,Brasil,2902708,29,33,,,,Caatinga,93.7
a96a855c-7c11-3e46-877c-955101826408,   1.510300, -55.825900,2025-10-03 01:10:00,GOES-19,ORIXIMINÁ,PARÁ,Brasil,1505304,15,33,,,,Amazônia,69.0
6b92f54d-9a56-3980-958d-0119005c5784, -11.162700, -43.429100,2025-10-03 01:10:00,GOES-19,BARRA,BAHIA,Brasil,2902708,29,33,,,,Cerrado,92.8
7cfa1061-e39a-3af9-8e06-7b9b9225571c,  -4.650400, -45.807700,2025-10-03 01:10:00,GOES-19,MARAJÁ DO SENA,MARANHÃO,Brasil,2106359,21,33,,,,Amazônia,103.1
d29c8d46-0206-3336-96ce-446473955e12,  -3.951700, -47.564700,2025-10-03 01:10:00,GOES-19,ULIANÓPOLIS,PARÁ,Brasil,1508126,15,33,,,,Amazônia,53.8
6f4584c8-0eea-3ec6-a249-d0b5a1446f6d, -14.934200, -46.896500,2025-10-03 01:10:00,GOES-19,FLORES DE GOIÁS,GOIÁS,Brasil,5207907,52,33,,,,Cerrado,117.0
1579ca02-6281-3e67-bc75-2e931463c802,  -5.655000, -43.901300,2025-10-03 01:10:00,GOES-19,BURITI BRAVO,MARANHÃO,Brasil,2102309,21,33,,,,Cerrado,76.0
ee5dc1b2-8ab4-3f22-9f82-e31b93b9cee5, -10.278100, -50.303200,2025-10-03 01:10:00,GOES-19,PIUM,TOCANTINS,Brasil,1717503,17,33,,,,Cerrado,58.8
b9766158-8bbe-3270-a39c-5071459753ab,  -4.669200, -45.784200,2025-10-03 01:10:00,GOES-19,MARAJÁ DO SENA,MARANHÃO,Brasil,2106359,21,33,,,,Amazônia,202.6
0ea24338-eeca-3ee2-a17d-272bd72264df, -12.613100, -46.972500,2025-10-03 01:10:00,GOES-19,ARRAIAS,TOCANTINS,Brasil,1702406,17,33,,,,Cerrado,145.1
a6fd0eb2-91cc-3584-a4a8-71c6dd7d443f,  -9.899100, -43.723700,2025-10-03 01:10:00,GOES-19,MORRO CABEÇA NO TEMPO,PIAUÍ,Brasil,2206654,22,33,,,,Caatinga,61.6
0c5a9482-458e-3aa1-b237-a3582152d958,  -9.877200, -47.810300,2025-10-03 01:10:00,GOES-19,RIO SONO,TOCANTINS,Brasil,1718758,17,33,,,,Cerrado,59.6
07a49c60-09eb-371f-8290-84294f68fc48, -17.595600, -46.664800,2025-10-03 01:10:00,GOES-19,VAZANTE,MINAS GERAIS,Brasil,3171006,31,33,,,,Cerrado,56.9
89b5eeef-e4a8-3cae-9274-efff2e716bb7,  -9.918200, -43.721200,2025-10-03 01:10:00,GOES-19,MORRO CABEÇA NO TEMPO,PIAUÍ,Brasil,2206654,22,33,,,,Caatinga,75.5
ec4f7926-bee0-3550-9704-1401ebb230de, -12.613500, -46.949900,2025-10-03 01:10:00,GOES-19,ARRAIAS,TOCANTINS,Brasil,1702406,17,33,,,,Cerrado,70.8
b9486d20-348c-31ee-b4ff-32a741e06e90,  -6.041800, -44.607600,2025-10-03 01:10:00,GOES-19,MIRADOR,MARANHÃO,Brasil,2106706,21,33,,,,Cerrado,79.8
37fa79cf-f6f7-3776-bdaa-f6027be86aaf,  -8.632400, -54.974700,2025-10-03 01:10:00,GOES-19,ALTAMIRA,PARÁ,Brasil,1500602,15,33,,,,Amazônia,47.3
1dd2edde-c6d6-3bca-8c75-f77d3953472d, -11.916300, -46.281700,2025-10-03 01:10:00,GOES-19,PONTE ALTA DO BOM JESUS,TOCANTINS,Brasil,1717800,17,33,,,,Cerrado,90.7
4ea83d23-696e-3faf-87b0-2219461ae309,  -6.041600, -44.630400,2025-10-03 01:10:00,GOES-19,MIRADOR,MARANHÃO,Brasil,2106706,21,33,,,,Cerrado,104.1
e03e88a9-c578-317d-8e8c-6eacac309ad9,  -5.636300, -43.902700,2025-10-03 01:10:00,GOES-19,FORTUNA,MARANHÃO,Brasil,2104206,21,33,,,,Cerrado,179.2
c7266bdc-d703-31f7-95a0-db31288318aa, -12.632700, -46.947100,2025-10-03 01:10:00,GOES-19,ARRAIAS,TOCANTINS,Brasil,1702406,17,33,,,,Cerrado,66.4
6da5b90a-ff18-3a2f-95e2-69cbcf734802, -14.913200, -46.968400,2025-10-03 01:10:00,GOES-19,FLORES DE GOIÁS,GOIÁS,Brasil,5207907,52,33,,,,Cerrado,84.2
3e392165-593c-361e-8b44-4d55e44bd74b, -10.874200, -47.028200,2025-10-03 01:10:00,GOES-19,PONTE ALTA DO TOCANTINS,TOCANTINS,Brasil,1717909,17,33,,,,Cerrado,69.7
cf9e0cb8-6980-3ce7-bf62-743cd03e6f54,  -5.636100, -43.925800,2025-10-03 01:10:00,GOES-19,FORTUNA,MARANHÃO,Brasil,2104206,21,33,,,,Cerrado,110.9
9fb929f5-c8c4-3ca2-b388-265052c97099,  -4.650500, -45.785300,2025-10-03 01:10:00,GOES-19,MARAJÁ DO SENA,MARANHÃO,Brasil,2106359,21,33,,,,Amazônia,116.7
d5c3d2bf-9a4a-3d31-8dbd-b3d752196e57, -11.163100, -43.405400,2025-10-03 01:10:00,GOES-19,BARRA,BAHIA,Brasil,2902708,29,33,,,,Caatinga,114.6
fb7f2a8a-5528-3801-8aba-737172b0a0f2, -18.683700, -47.823000,2025-10-03 01:10:00,GOES-19,ESTRELA DO SUL,MINAS GERAIS,Brasil,3124807,31,33,,,,Cerrado,53.7
7901436b-466c-3461-8994-c0fede267629, -10.851700, -47.254100,2025-10-03 01:20:00,GOES-19,PONTE ALTA DO TOCANTINS,TOCANTINS,Brasil,1717909,17,33,,,,Cerrado,47.0
83f3bee4-8d54-311e-950a-d92fca05406f,  -5.655000, -43.901300,2025-10-03 01:20:00,GOES-19,BURITI BRAVO,MARANHÃO,Brasil,2102309,21,33,,,,Cerrado,63.9
bd5f4b8f-caf1-37ac-9056-121a0d2a4b0f,  -7.774900, -42.562800,2025-10-03 01:20:00,GOES-19,SOCORRO DO PIAUÍ,PIAUÍ,Brasil,2210904,22,33,,,,Caatinga,117.9
6b767e7c-4bfc-3b29-b481-b79527d6f9ce,  -4.687700, -45.805600,2025-10-03 01:20:00,GOES-19,MARAJÁ DO SENA,MARANHÃO,Brasil,2106359,21,33,,,,Amazônia,40.9
454e8e67-2c0a-3b45-a14b-b8678c4b6682,  -4.669000, -45.806600,2025-10-03 01:20:00,GOES-19,MARAJÁ DO SENA,MARANHÃO,Brasil,2106359,21,33,,,,Amazônia,225.1
96066999-66bf-32ae-b3b0-c3b4ee18492f,  -7.755700, -42.588500,2025-10-03 01:20:00,GOES-19,SOCORRO DO PIAUÍ,PIAUÍ,Brasil,2210904,22,33,,,,Caatinga,115.2
70155af9-22b6-3164-9be5-b0c6bcac37da,  -6.041800, -44.607600,2025-10-03 01:20:00,GOES-19,MIRADOR,MARANHÃO,Brasil,2106706,21,33,,,,Cerrado,73.8
639dfcbd-e289-3b37-8eaf-f81d12dfd124, -10.854800, -47.053000,2025-10-03 01:20:00,GOES-19,PONTE ALTA DO TOCANTINS,TOCANTINS,Brasil,1717909,17,33,,,,Cerrado,198.4
3705e3ff-c2ef-3bde-a49c-2d9c0fa38997, -11.163100, -43.405400,2025-10-03 01:20:00,GOES-19,BARRA,BAHIA,Brasil,2902708,29,33,,,,Caatinga,101.3
506ce313-7978-3461-8da1-7c4315dc1e2b, -13.649700, -50.268500,2025-10-03 01:20:00,GOES-19,MUNDO NOVO,GOIÁS,Brasil,5214051,52,33,,,,Cerrado,92.7
236544b5-7224-3aa4-b171-9b1cc6f27f80, -11.144400, -43.384500,2025-10-03 01:20:00,GOES-19,BARRA,BAHIA,Brasil,2902708,29,33,,,,Caatinga,116.3
ec57bff7-01f8-3903-a044-57ba0bd4aeb3,  -7.793800, -42.560700,2025-10-03 01:20:00,GOES-19,SOCORRO DO PIAUÍ,PIAUÍ,Brasil,2210904,22,33,,,,Caatinga,89.0
c12a4f8d-5b6b-36e1-b09d-015ce927b558,  -7.774600, -42.586500,2025-10-03 01:20:00,GOES-19,SOCORRO DO PIAUÍ,PIAUÍ,Brasil,2210904,22,33,,,,Caatinga,216.5
4d690d83-4da3-3f2d-b122-5f1a1a600ab4,  -4.669200, -45.784200,2025-10-03 01:20:00,GOES-19,MARAJÁ DO SENA,MARANHÃO,Brasil,2106359,21,33,,,,Amazônia,201.0
b9e43127-6887-3977-9457-678600d35f60,  -3.933100, -47.565500,2025-10-03 01:20:00,GOES-19,ULIANÓPOLIS,PARÁ,Brasil,1508126,15,33,,,,Amazônia,77.4
90ff92b6-6f72-32db-9c21-169381446456, -12.632300, -46.969700,2025-10-03 01:20:00,GOES-19,ARRAIAS,TOCANTINS,Brasil,1702406,17,33,,,,Cerrado,120.6
dedda649-68bd-3f96-aa42-0e8539741fc3, -17.861400, -57.623000,2025-10-03 01:20:00,GOES-19,CORUMBÁ,MATO GROSSO DO SUL,Brasil,5003207,50,33,,,,Pantanal,65.4
85de1699-6924-3ac2-8bdc-4d298c23bba5, -12.632700, -46.947100,2025-10-03 01:20:00,GOES-19,ARRAIAS,TOCANTINS,Brasil,1702406,17,33,,,,Cerrado,68.4
c198787e-6c7f-3c7e-8519-9d0af6a8f86b, -10.852100, -47.231700,2025-10-03 01:20:00,GOES-19,PONTE ALTA DO TOCANTINS,TOCANTINS,Brasil,1717909,17,33,,,,Cerrado,35.1
a87b2714-505c-33e2-969a-636bfa73fd43, -12.613100, -46.972500,2025-10-03 01:20:00,GOES-19,ARRAIAS,TOCANTINS,Brasil,1702406,17,33,,,,Cerrado,128.6
23330834-8db0-3a14-aae9-452f80b569fd, -17.861700, -57.602400,2025-10-03 01:20:00,GOES-19,CORUMBÁ,MATO GROSSO DO SUL,Brasil,5003207,50,33,,,,Pantanal,64.1
e0c4b69e-2079-3c97-a1f8-441ee740b87a,  -4.687800, -45.783200,2025-10-03 01:20:00,GOES-19,MARAJÁ DO SENA,MARANHÃO,Brasil,2106359,21,33,,,,Amazônia,39.9
2bbc0ec0-8f93-3b3f-ae22-e69cb2f08095, -10.855200, -47.030600,2025-10-03 01:20:00,GOES-19,PONTE ALTA DO TOCANTINS,TOCANTINS,Brasil,1717909,17,33,,,,Cerrado,134.6
ee738f75-5ff5-3334-95a4-d4b8ec922c81,  -8.632400, -54.974700,2025-10-03 01:20:00,GOES-19,ALTAMIRA,PARÁ,Brasil,1500602,15,33,,,,Amazônia,43.8
aa725b2a-19e7-3619-8e93-20a09fa4b79d,  -7.756000, -42.564800,2025-10-03 01:20:00,GOES-19,SOCORRO DO PIAUÍ,PIAUÍ,Brasil,2210904,22,33,,,,Caatinga,105.9
c63f363a-7630-3b9d-8008-4c2cc883b950, -11.144000, -43.408200,2025-10-03 01:20:00,GOES-19,BARRA,BAHIA,Brasil,2902708,29,33,,,,Caatinga,189.9
9ad99abe-306a-3678-b6ad-1824cbf5582a,  -5.865700, -43.398100,2025-10-03 01:20:00,GOES-19,PARNARAMA,MARANHÃO,Brasil,2107803,21,33,,,,Cerrado,85.9
56828ca5-00da-34e6-a13f-a9a81912a120,  -8.613800, -54.976000,2025-10-03 01:20:00,GOES-19,ALTAMIRA,PARÁ,Brasil,1500602,15,33,,,,Amazônia,59.3
8705a02d-fe49-3ab2-a89f-241920fdb590, -11.916300, -46.281700,2025-10-03 01:20:00,GOES-19,PONTE ALTA DO BOM JESUS,TOCANTINS,Brasil,1717800,17,33,,,,Cerrado,71.9
a6f841db-7501-3324-8652-98cfb2dd41da,  -9.918200, -43.721200,2025-10-03 01:20:00,GOES-19,MORRO CABEÇA NO TEMPO,PIAUÍ,Brasil,2206654,22,33,,,,Caatinga,74.4
0baf7a05-9365-3e99-8ad7-fb56c3a374d2, -13.776900, -47.539200,2025-10-03 01:20:00,GOES-19,CAVALCANTE,GOIÁS,Brasil,5205307,52,33,,,,Cerrado,98.1
8ff4c181-b43b-3ea5-a5d8-f2ff21c276d8,  -4.650500, -45.785300,2025-10-03 01:20:00,GOES-19,MARAJÁ DO SENA,MARANHÃO,Brasil,2106359,21,33,,,,Amazônia,139.6
ffaf824e-9bab-3c8a-ac9c-4c41d2d0068e,  -4.650400, -45.807700,2025-10-03 01:20:00,GOES-19,MARAJÁ DO SENA,MARANHÃO,Brasil,2106359,21,33,,,,Amazônia,127.8
d20cf05b-b892-3899-acfa-dce1f771e1cf,  -9.877200, -47.810300,2025-10-03 01:20:00,GOES-19,RIO SONO,TOCANTINS,Brasil,1718758,17,33,,,,Cerrado,34.7
d1ab3298-f4bc-39a4-a577-4d52a1fd6289, -14.688600, -43.890700,2025-10-03 01:20:00,GOES-19,MATIAS CARDOSO,MINAS GERAIS,Brasil,3140852,31,33,,,,Caatinga,59.0
a8f3b653-5871-3e64-956b-c6c647542548,  -6.060500, -44.606100,2025-10-03 01:20:00,GOES-19,MIRADOR,MARANHÃO,Brasil,2106706,21,33,,,,Cerrado,91.3
189e8a59-4e77-3738-ace2-92b2f283f1ff,  -6.041600, -44.630400,2025-10-03 01:20:00,GOES-19,MIRADOR,MARANHÃO,Brasil,2106706,21,33,,,,Cerrado,104.9
aa1310f6-5caa-3a66-9495-d920cdc2c079, -14.934200, -46.896500,2025-10-03 01:20:00,GOES-19,FLORES DE GOIÁS,GOIÁS,Brasil,5207907,52,33,,,,Cerrado,89.2
a167b7af-1dc7-3745-9032-4dc171197ad3, -14.953800, -46.893100,2025-10-03 01:20:00,GOES-19,FLORES DE GOIÁS,GOIÁS,Brasil,5207907,52,33,,,,Cerrado,69.9
60b67e4b-912a-3f72-a4c3-dc7b091132e1,  -5.636300, -43.902700,2025-10-03 01:20:00,GOES-19,FORTUNA,MARANHÃO,Brasil,2104206,21,33,,,,Cerrado,179.7
d407bb17-1ed2-3d10-b7af-6ae74458c9a6, -14.708300, -43.886900,2025-10-03 01:20:00,GOES-19,MATIAS CARDOSO,MINAS GERAIS,Brasil,3140852,31,33,,,,Caatinga,61.7
0c8929a7-607f-3690-9b45-c10f11ee3e77,  -6.240800, -45.342400,2025-10-03 01:20:00,GOES-19,FERNANDO FALCÃO,MARANHÃO,Brasil,2104081,21,33,,,,Cerrado,77.6
610f17c6-73f0-3a39-a923-9fd075ad6ca7, -10.874200, -47.028200,2025-10-03 01:20:00,GOES-19,PONTE ALTA DO TOCANTINS,TOCANTINS,Brasil,1717909,17,33,,,,Cerrado,117.1
cada53e4-d5e3-3497-b388-ad95d0f0e11e, -13.134500, -47.882000,2025-10-03 01:20:00,GOES-19,PARANÃ,TOCANTINS,Brasil,1716208,17,33,,,,Cerrado,62.0
57c4d834-216a-3d53-84b8-abc029ad94de, -14.896600, -46.834600,2025-10-03 01:20:00,GOES-19,FLORES DE GOIÁS,GOIÁS,Brasil,5207907,52,33,,,,Cerrado,112.4
4c7ddeca-7080-3aa7-8675-5d022d4b19ed,  -5.636100, -43.925800,2025-10-03 01:20:00,GOES-19,FORTUNA,MARANHÃO,Brasil,2104206,21,33,,,,Cerrado,116.6
1a706308-5603-3f75-a1b7-303363f79dff, -10.873900, -47.050600,2025-10-03 01:20:00,GOES-19,PONTE ALTA DO TOCANTINS,TOCANTINS,Brasil,1717909,17,33,,,,Cerrado,158.3
2225e3e5-4e6d-3bc5-a026-229a5aecc523,  -7.774300, -42.610300,2025-10-03 01:20:00,GOES-19,RIBEIRA DO PIAUÍ,PIAUÍ,Brasil,2208874,22,33,,,,Caatinga,89.4
9a945eac-fd85-3fd4-8864-5853cd42fa0f,  -6.060300, -44.629000,2025-10-03 01:20:00,GOES-19,MIRADOR,MARANHÃO,Brasil,2106706,21,33,,,,Cerrado,96.1
b4933bd9-99cd-31a2-837e-31218141605c, -14.913200, -46.968400,2025-10-03 01:30:00,GOES-19,FLORES DE GOIÁS,GOIÁS,Brasil,5207907,52,33,,,,Cerrado,72.8
c540649c-8ddd-327c-8170-207b2ac5f0ca,  -7.774300, -42.610300,2025-10-03 01:30:00,GOES-19,RIBEIRA DO PIAUÍ,PIAUÍ,Brasil,2208874,22,33,,,,Caatinga,84.4
de245103-9a15-3c00-bb9f-50d2a6adf8cc,  -6.060300, -44.629000,2025-10-03 01:30:00,GOES-19,MIRADOR,MARANHÃO,Brasil,2106706,21,33,,,,Cerrado,95.0
78eef831-f243-3e92-ab3d-eda320c84402, -13.977500, -48.157000,2025-10-03 01:30:00,GOES-19,COLINAS DO SUL,GOIÁS,Brasil,5205521,52,33,,,,Cerrado,88.8
8665be96-66ff-35c6-b29a-5d14f87ea56d, -10.278100, -50.303200,2025-10-03 01:30:00,GOES-19,PIUM,TOCANTINS,Brasil,1717503,17,33,,,,Cerrado,49.0
cd602033-33a3-3dc0-836f-57e755d81674, -13.776900, -47.539200,2025-10-03 01:30:00,GOES-19,CAVALCANTE,GOIÁS,Brasil,5205307,52,33,,,,Cerrado,83.1
a822e8cd-ef76-36d8-a60d-82a76f25d46b, -17.841700, -57.625400,2025-10-03 01:30:00,GOES-19,CORUMBÁ,MATO GROSSO DO SUL,Brasil,5003207,50,33,,,,Pantanal,55.3
0f857955-4494-3d4c-b306-47a86086888d, -11.144400, -43.384500,2025-10-03 01:30:00,GOES-19,BARRA,BAHIA,Brasil,2902708,29,33,,,,Caatinga,96.9
e3cb9bae-c7aa-3f48-9c5f-8701d0c2c83f, -12.613100, -46.972500,2025-10-03 01:30:00,GOES-19,ARRAIAS,TOCANTINS,Brasil,1702406,17,33,,,,Cerrado,107.8
2bc542d1-b960-3b0f-a2f8-6c26e21065f3,  -6.060500, -44.606100,2025-10-03 01:30:00,GOES-19,MIRADOR,MARANHÃO,Brasil,2106706,21,33,,,,Cerrado,86.0
8d575b8b-582e-3ae9-ac55-7dbdda69287a,  -3.933100, -47.565500,2025-10-03 01:30:00,GOES-19,ULIANÓPOLIS,PARÁ,Brasil,1508126,15,33,,,,Amazônia,70.1
b3dff5ed-54e2-3e06-b6c4-240e33d9df06,   1.510300, -55.825900,2025-10-03 01:30:00,GOES-19,ORIXIMINÁ,PARÁ,Brasil,1505304,15,33,,,,Amazônia,81.7
2ec1ff8c-cfe6-302f-bbe7-fccafcba67e0,  -6.041800, -44.607600,2025-10-03 01:30:00,GOES-19,MIRADOR,MARANHÃO,Brasil,2106706,21,33,,,,Cerrado,72.0
c846546a-da9c-38e9-ad56-486c06be0b60, -11.162700, -43.429100,2025-10-03 01:30:00,GOES-19,BARRA,BAHIA,Brasil,2902708,29,33,,,,Cerrado,76.8
4af1dfc1-0488-35d1-941b-17fb7b006aca,  -5.636300, -43.902700,2025-10-03 01:30:00,GOES-19,FORTUNA,MARANHÃO,Brasil,2104206,21,33,,,,Cerrado,158.7
32bf8751-d6e6-39db-959f-66038f23b684,  -5.636100, -43.925800,2025-10-03 01:30:00,GOES-19,FORTUNA,MARANHÃO,Brasil,2104206,21,33,,,,Cerrado,103.9
14e87c51-f817-3de6-8bbe-378e110818ef,  -4.669200, -45.784200,2025-10-03 01:30:00,GOES-19,MARAJÁ DO SENA,MARANHÃO,Brasil,2106359,21,33,,,,Amazônia,245.7
fad39558-e93f-356d-b201-6cede8b2d170, -11.163100, -43.405400,2025-10-03 01:30:00,GOES-19,BARRA,BAHIA,Brasil,2902708,29,33,,,,Caatinga,157.4
89aab582-0ea4-3e20-b04d-d6afa4b7dab1,  -8.632400, -54.974700,2025-10-03 01:30:00,GOES-19,ALTAMIRA,PARÁ,Brasil,1500602,15,33,,,,Amazônia,41.6
9c8e2058-1b51-326d-a83c-2d146524d3aa,  -8.613800, -54.976000,2025-10-03 01:30:00,GOES-19,ALTAMIRA,PARÁ,Brasil,1500602,15,33,,,,Amazônia,57.9
b2b79369-eedc-3f8a-aeeb-52f7689510ca, -16.358400, -42.348900,2025-10-03 01:30:00,GOES-19,RUBELITA,MINAS GERAIS,Brasil,3156502,31,33,,,,Mata Atlântica,99.4
3db6a305-8102-3811-b7b2-349774fe3454,  -7.774900, -42.562800,2025-10-03 01:30:00,GOES-19,SOCORRO DO PIAUÍ,PIAUÍ,Brasil,2210904,22,33,,,,Caatinga,119.6
c34c4bd3-af32-308b-b050-006f81dd0bed, -11.916300, -46.281700,2025-10-03 01:30:00,GOES-19,PONTE ALTA DO BOM JESUS,TOCANTINS,Brasil,1717800,17,33,,,,Cerrado,98.7
0f3c8775-d847-3b4d-a779-b75123b4f485,  -7.774600, -42.586500,2025-10-03 01:30:00,GOES-19,SOCORRO DO PIAUÍ,PIAUÍ,Brasil,2210904,22,33,,,,Caatinga,186.0
65eb4e8c-c794-3278-85bd-5e943e0aa239,  -4.650400, -45.807700,2025-10-03 01:30:00,GOES-19,MARAJÁ DO SENA,MARANHÃO,Brasil,2106359,21,33,,,,Amazônia,137.1
085348f8-57cf-31a2-81b8-803c7f8fcd8e,  -7.755700, -42.588500,2025-10-03 01:30:00,GOES-19,SOCORRO DO PIAUÍ,PIAUÍ,Brasil,2210904,22,33,,,,Caatinga,125.0
8d45e189-3fbd-3d36-ae7c-fac773c6eda6, -11.144000, -43.408200,2025-10-03 01:30:00,GOES-19,BARRA,BAHIA,Brasil,2902708,29,33,,,,Caatinga,180.0
6559f9eb-cf12-3529-9de5-5af5e02e3c2c, -16.338500, -42.353500,2025-10-03 01:30:00,GOES-19,RUBELITA,MINAS GERAIS,Brasil,3156502,31,33,,,,Mata Atlântica,212.4
d7462624-1b6a-3be1-b586-eff2efa94d34,  -5.865700, -43.398100,2025-10-03 01:30:00,GOES-19,PARNARAMA,MARANHÃO,Brasil,2107803,21,33,,,,Cerrado,75.6
555c1d8e-0732-38a5-a1dd-c28503e3ac03,  -4.650500, -45.785300,2025-10-03 01:30:00,GOES-19,MARAJÁ DO SENA,MARANHÃO,Brasil,2106359,21,33,,,,Amazônia,142.4
8388f0ea-dc41-315e-aaba-7ed65bedbda9, -12.632300, -46.969700,2025-10-03 01:30:00,GOES-19,ARRAIAS,TOCANTINS,Brasil,1702406,17,33,,,,Cerrado,94.9
aa8458c7-6bc0-3b96-9082-ea1408e53e5b, -14.708300, -43.886900,2025-10-03 01:30:00,GOES-19,MATIAS CARDOSO,MINAS GERAIS,Brasil,3140852,31,33,,,,Caatinga,75.8
2c8ed5fa-0ad2-3cd5-8346-21e926733d07,  -5.655000, -43.901300,2025-10-03 01:30:00,GOES-19,BURITI BRAVO,MARANHÃO,Brasil,2102309,21,33,,,,Cerrado,74.3
a0e010ec-b7e6-362e-8565-f79c5cf3c699, -13.134500, -47.882000,2025-10-03 01:30:00,GOES-19,PARANÃ,TOCANTINS,Brasil,1716208,17,33,,,,Cerrado,86.0
ce20d6c0-6b56-3cd8-b962-a5a109695c48, -16.337800, -42.378300,2025-10-03 01:30:00,GOES-19,RUBELITA,MINAS GERAIS,Brasil,3156502,31,33,,,,Cerrado,396.4
316c4605-1691-33eb-a1a7-7ff35167ccbe,  -6.240800, -45.342400,2025-10-03 01:30:00,GOES-19,FERNANDO FALCÃO,MARANHÃO,Brasil,2104081,21,33,,,,Cerrado,69.4
0acb9d4f-8c75-3f30-ac5e-5c55c9c60acf, -10.258700, -50.347800,2025-10-03 01:30:00,GOES-19,PIUM,TOCANTINS,Brasil,1717503,17,33,,,,Cerrado,46.6
9bc9c81b-aa3c-37e2-abe1-afcc9d2babd9, -17.861400, -57.623000,2025-10-03 01:30:00,GOES-19,CORUMBÁ,MATO GROSSO DO SUL,Brasil,5003207,50,33,,,,Pantanal,68.7
c4b7d0c5-ca9c-3029-bfd1-1c6a822bc19b,  -4.669000, -45.806600,2025-10-03 01:30:00,GOES-19,MARAJÁ DO SENA,MARANHÃO,Brasil,2106359,21,33,,,,Amazônia,284.2
9b2816f3-a2b0-33c2-99a3-db04665a1dd2,  -6.041600, -44.630400,2025-10-03 01:30:00,GOES-19,MIRADOR,MARANHÃO,Brasil,2106706,21,33,,,,Cerrado,101.0
9a04354f-3b09-3c2f-bbc2-09c1ec0efd32, -17.861700, -57.602400,2025-10-03 01:30:00,GOES-19,CORUMBÁ,MATO GROSSO DO SUL,Brasil,5003207,50,33,,,,Pantanal,65.4
7c61827e-a548-320c-b62d-c4dbb447ae78, -14.934200, -46.896500,2025-10-03 01:30:00,GOES-19,FLORES DE GOIÁS,GOIÁS,Brasil,5207907,52,33,,,,Cerrado,109.8
fc4a4e49-7344-3ad6-bcdd-219d6a47f5f2,  -7.756000, -42.564800,2025-10-03 01:30:00,GOES-19,SOCORRO DO PIAUÍ,PIAUÍ,Brasil,2210904,22,33,,,,Caatinga,111.4
00fb621e-bb8b-3b51-8317-b318dd58197b, -16.357700, -42.373700,2025-10-03 01:30:00,GOES-19,RUBELITA,MINAS GERAIS,Brasil,3156502,31,33,,,,Cerrado,173.2
b84f0ee4-f432-3ed6-9f5c-5b6f72e18cdd, -12.612700, -46.995100,2025-10-03 01:40:00,GOES-19,ARRAIAS,TOCANTINS,Brasil,1702406,17,33,,,,Cerrado,73.3
f1a09f58-dff8-3faf-986a-6a16f0078bf0,  -7.755700, -42.588500,2025-10-03 01:40:00,GOES-19,SOCORRO DO PIAUÍ,PIAUÍ,Brasil,2210904,22,33,,,,Caatinga,105.9
5982cf44-a951-330d-b975-e3366f3076b8,  -5.865700, -43.398100,2025-10-03 01:40:00,GOES-19,PARNARAMA,MARANHÃO,Brasil,2107803,21,33,,,,Cerrado,79.3
0bd70ec7-8f33-3223-a1b6-80f05cc8fe63,  -7.793800, -42.560700,2025-10-03 01:40:00,GOES-19,SOCORRO DO PIAUÍ,PIAUÍ,Brasil,2210904,22,33,,,,Caatinga,81.0
7efa897b-453d-34a8-ba8e-9539d1c62890,  -5.636300, -43.902700,2025-10-03 01:40:00,GOES-19,FORTUNA,MARANHÃO,Brasil,2104206,21,33,,,,Cerrado,158.7
1038ad45-84fc-3229-8eb5-a5f98008b905, -14.953800, -46.893100,2025-10-03 01:40:00,GOES-19,FLORES DE GOIÁS,GOIÁS,Brasil,5207907,52,33,,,,Cerrado,58.8
9ede3646-94a2-3c37-880a-e9d87c4c56bf, -14.934200, -46.896500,2025-10-03 01:40:00,GOES-19,FLORES DE GOIÁS,GOIÁS,Brasil,5207907,52,33,,,,Cerrado,80.1
b06d5893-278f-34ce-9340-64e9dd2ee4fa,  -6.060300, -44.629000,2025-10-03 01:40:00,GOES-19,MIRADOR,MARANHÃO,Brasil,2106706,21,33,,,,Cerrado,96.7
fa926355-a2d9-3e1f-b58a-aea2faaac424, -16.357700, -42.373700,2025-10-03 01:40:00,GOES-19,RUBELITA,MINAS GERAIS,Brasil,3156502,31,33,,,,Cerrado,74.0
8abb6c0f-716b-38ee-bbdc-89c7e67b699a,  -8.613800, -54.976000,2025-10-03 01:40:00,GOES-19,ALTAMIRA,PARÁ,Brasil,1500602,15,33,,,,Amazônia,56.5
dd987a13-7129-31e2-9b43-5856437feb83, -13.134500, -47.882000,2025-10-03 01:40:00,GOES-19,PARANÃ,TOCANTINS,Brasil,1716208,17,33,,,,Cerrado,81.5
4e51046b-4596-3bd9-8023-a764aeb93737,  -4.687700, -45.805600,2025-10-03 01:40:00,GOES-19,MARAJÁ DO SENA,MARANHÃO,Brasil,2106359,21,33,,,,Amazônia,40.3
b6ac75bf-67f7-3866-bd17-9f7d5897ad75, -12.632300, -46.969700,2025-10-03 01:40:00,GOES-19,ARRAIAS,TOCANTINS,Brasil,1702406,17,33,,,,Cerrado,98.4
82a64a2c-9636-3ec8-98d9-6dfa56727ad8,  -7.774600, -42.586500,2025-10-03 01:40:00,GOES-19,SOCORRO DO PIAUÍ,PIAUÍ,Brasil,2210904,22,33,,,,Caatinga,180.3
45d2f981-7786-3f73-b398-6d3b2db9cfd8, -11.916300, -46.281700,2025-10-03 01:40:00,GOES-19,PONTE ALTA DO BOM JESUS,TOCANTINS,Brasil,1717800,17,33,,,,Cerrado,73.6
d5dc126a-d2eb-32f4-be1a-24596d477f79, -11.144000, -43.408200,2025-10-03 01:40:00,GOES-19,BARRA,BAHIA,Brasil,2902708,29,33,,,,Caatinga,146.4
0399c7cd-9e4c-39ea-869d-c8cf7b0a6602,  -4.650400, -45.807700,2025-10-03 01:40:00,GOES-19,MARAJÁ DO SENA,MARANHÃO,Brasil,2106359,21,33,,,,Amazônia,163.0
550608be-5206-3fc0-8903-485fdbcda01f, -11.163100, -43.405400,2025-10-03 01:40:00,GOES-19,BARRA,BAHIA,Brasil,2902708,29,33,,,,Caatinga,78.0
c92e58d8-87cc-3d90-abbb-4a1cc49931f0,  -9.918200, -43.721200,2025-10-03 01:40:00,GOES-19,MORRO CABEÇA NO TEMPO,PIAUÍ,Brasil,2206654,22,33,,,,Caatinga,78.1
03cd1f1f-9598-3bd8-8ecf-3253c3db20aa,  -6.060500, -44.606100,2025-10-03 01:40:00,GOES-19,MIRADOR,MARANHÃO,Brasil,2106706,21,33,,,,Cerrado,93.4
8c444935-b80c-3294-a13d-00a32c810fe2,  -7.774300, -42.610300,2025-10-03 01:40:00,GOES-19,RIBEIRA DO PIAUÍ,PIAUÍ,Brasil,2208874,22,33,,,,Caatinga,87.4
7e18e35b-800f-3a1b-a7b2-30f01c5d1fc8,  -5.655000, -43.901300,2025-10-03 01:40:00,GOES-19,BURITI BRAVO,MARANHÃO,Brasil,2102309,21,33,,,,Cerrado,61.6
226b34e5-769e-322c-951b-5ecb05fe8381, -13.977500, -48.157000,2025-10-03 01:40:00,GOES-19,COLINAS DO SUL,GOIÁS,Brasil,5205521,52,33,,,,Cerrado,89.5
4e9aa0ac-70fc-3a81-ad73-c917e940ec08,  -5.636100, -43.925800,2025-10-03 01:40:00,GOES-19,FORTUNA,MARANHÃO,Brasil,2104206,21,33,,,,Cerrado,113.0
6a215bc7-e0ef-3016-84ad-3af9f562a528, -13.776900, -47.539200,2025-10-03 01:40:00,GOES-19,CAVALCANTE,GOIÁS,Brasil,5205307,52,33,,,,Cerrado,82.6
fde914f9-817f-388d-8279-4ea6d39b5c98,  -8.632400, -54.974700,2025-10-03 01:40:00,GOES-19,ALTAMIRA,PARÁ,Brasil,1500602,15,33,,,,Amazônia,45.5
68ee8102-76d0-38ee-a6cb-61deeb184bbe, -11.144400, -43.384500,2025-10-03 01:40:00,GOES-19,BARRA,BAHIA,Brasil,2902708,29,33,,,,Caatinga,88.9
05479f7e-32e5-3c58-9d63-53c898cffc87,  -6.330100, -58.045300,2025-10-03 01:40:00,GOES-19,JACAREACANGA,PARÁ,Brasil,1503754,15,33,,,,Amazônia,50.5
9cdf28ae-340c-32f4-b74a-1203ec22d724,  -4.650500, -45.785300,2025-10-03 01:40:00,GOES-19,MARAJÁ DO SENA,MARANHÃO,Brasil,2106359,21,33,,,,Amazônia,177.1
5b0e8d63-e4e3-3d7e-b5f6-911bdfb3bbc4,  -7.774900, -42.562800,2025-10-03 01:40:00,GOES-19,SOCORRO DO PIAUÍ,PIAUÍ,Brasil,2210904,22,33,,,,Caatinga,103.3
4367a46f-d7a3-380e-bcfd-e4e3a324667c, -16.337800, -42.378300,2025-10-03 01:40:00,GOES-19,RUBELITA,MINAS GERAIS,Brasil,3156502,31,33,,,,Cerrado,97.7
afd8643c-fbdd-3fe5-b326-e1f7618219a4,  -4.669200, -45.784200,2025-10-03 01:40:00,GOES-19,MARAJÁ DO SENA,MARANHÃO,Brasil,2106359,21,33,,,,Amazônia,258.7
9bf16b97-b502-3131-b052-060417a01290, -12.613500, -46.949900,2025-10-03 01:40:00,GOES-19,ARRAIAS,TOCANTINS,Brasil,1702406,17,33,,,,Cerrado,65.7
6c140aff-872d-3509-bd45-761c84aad9b3, -12.613100, -46.972500,2025-10-03 01:40:00,GOES-19,ARRAIAS,TOCANTINS,Brasil,1702406,17,33,,,,Cerrado,142.9
65dc1f60-ebc2-302b-b4d8-df1c6af8ba55,  -7.756000, -42.564800,2025-10-03 01:40:00,GOES-19,SOCORRO DO PIAUÍ,PIAUÍ,Brasil,2210904,22,33,,,,Caatinga,95.5
8e09eef2-b3fb-3037-859a-dc5cb94e9fb0,  -4.669000, -45.806600,2025-10-03 01:40:00,GOES-19,MARAJÁ DO SENA,MARANHÃO,Brasil,2106359,21,33,,,,Amazônia,284.1
3e7d3ff9-33b2-326a-b750-bd6241b20600,  -6.041600, -44.630400,2025-10-03 01:40:00,GOES-19,MIRADOR,MARANHÃO,Brasil,2106706,21,33,,,,Cerrado,96.8
de9a6b1e-98a2-353f-86ce-0a2a89310d45,  -6.041800, -44.607600,2025-10-03 01:40:00,GOES-19,MIRADOR,MARANHÃO,Brasil,2106706,21,33,,,,Cerrado,68.1
f10960f5-c377-352c-9c17-63a4fdd65e8f,  -4.687800, -45.783200,2025-10-03 01:40:00,GOES-19,MARAJÁ DO SENA,MARANHÃO,Brasil,2106359,21,33,,,,Amazônia,37.5
